desc: I1 cache:         32768 B, 64 B, 8-way associative
desc: D1 cache:         49152 B, 64 B, 12-way associative
desc: LL cache:         12582912 B, 64 B, 12-way associative
cmd: /mnt/c/Users/Deepa/Projects/HPLOBMMS/build-linux/cpp/benchmarks/lob_profile_driver
events: Ir I1mr ILmr Dr D1mr DLmr Dw D1mw DLmw 
fl=./csu/../csu/libc-start.c
fn=__libc_start_main@@GLIBC_2.34
128 2 1 1 2 0 0 0 0 0
134 3 0 0 1 1 0 0 0 0
135 7 0 0 3 1 0 2 0 0
138 1 0 0 1 1 0 0 0 0
139 2 0 0 0 0 0 0 0 0
142 3 1 1 2 1 0 0 0 0
143 2 0 0 2 0 0 0 0 0
144 21 3 1 5 0 0 1 0 0
145 12 0 0 3 3 0 6 0 0
242 12 1 1 0 0 0 6 0 0
343 3 0 0 0 0 0 0 0 0
344 3 0 0 0 0 0 1 0 0
369 6 1 1 2 0 0 1 0 0
372 2 0 0 0 0 0 0 0 0
375 2 0 0 2 0 0 0 0 0
382 2 1 0 1 1 0 1 0 0
384 2 0 0 0 0 0 0 0 0
392 4 0 0 0 0 0 1 0 0
fl=./csu/../sysdeps/nptl/libc_start_call_main.h
fn=(below main)
29 9 1 1 1 0 0 5 0 0
44 3 1 1 0 0 0 1 0 0
46 2 0 0 0 0 0 0 0 0
51 2 0 0 1 1 0 1 0 0
52 2 0 0 1 1 0 1 0 0
55 2 0 0 0 0 0 1 0 0
58 7 2 2 5 2 0 1 0 0
74 1 0 0 0 0 0 1 0 0
fl=./csu/./csu/init-first.c
fn=_init_first
46 4 1 1 0 0 0 1 0 0
51 2 1 1 1 0 0 0 0 0
55 5 0 0 4 2 0 0 0 0
61 1 0 0 0 0 0 1 1 0
62 1 0 0 0 0 0 1 0 0
63 2 0 0 1 1 0 1 1 1
71 2 0 0 0 0 0 0 0 0
72 2 0 0 1 0 0 0 0 0
fl=./ctype/./ctype/ctype-info.c
fn=__ctype_init
29 1 1 1 0 0 0 0 0 0
31 7 0 0 5 4 0 1 0 0
33 4 0 0 2 1 0 1 0 0
35 4 1 1 2 0 0 1 0 0
36 1 0 0 1 0 0 0 0 0
fl=./elf/../bits/stdlib-bsearch.h
fn=intel_check_word.constprop.0
27 102 0 0 0 0 0 0 0 0
28 51 0 0 0 0 0 0 0 0
29 971 0 0 0 0 0 0 0 0
31 690 1 1 0 0 0 0 0 0
32 345 0 0 0 0 0 0 0 0
37 63 1 1 0 0 0 0 0 0
fl=./elf/../elf/dl-sysdep.c
fn=_dl_sysdep_start
85 10 1 1 0 0 0 6 1 1
86 1 0 0 0 0 0 0 0 0
87 1 0 0 0 0 0 0 0 0
109 1 0 0 0 0 0 1 0 0
110 90 1 1 28 4 4 4 3 3
113 2 0 0 0 0 0 1 0 0
114 1 0 0 0 0 0 1 0 0
119 1 1 1 0 0 0 1 1 1
121 140 4 4 33 6 6 10 1 1
122 119 1 1 17 3 3 0 0 0
125 1 0 0 1 0 0 0 0 0
126 1 0 0 0 0 0 0 0 0
128 1 0 0 1 0 0 0 0 0
131 2 1 1 1 0 0 1 0 0
132 1 0 0 0 0 0 1 0 0
134 2 1 1 1 0 0 1 0 0
135 1 0 0 0 0 0 1 0 0
150 2 1 1 1 0 0 1 0 0
151 1 0 0 0 0 0 1 0 0
153 2 0 0 1 0 0 1 0 0
154 1 0 0 0 0 0 0 0 0
156 2 1 1 1 0 0 1 0 0
157 1 0 0 0 0 0 0 0 0
162 2 1 1 1 0 0 1 0 0
163 1 0 0 0 0 0 0 0 0
178 2 1 1 1 0 0 1 0 0
179 1 0 0 0 0 0 0 0 0
224 1 0 0 0 0 0 1 0 0
227 1 0 0 0 0 0 1 0 0
238 3 0 0 1 0 0 0 0 0
239 2 1 1 0 0 0 2 0 0
241 5 0 0 0 0 0 1 0 0
253 3 0 0 1 0 0 0 0 0
256 5 0 0 1 0 0 1 0 0
258 9 1 1 8 2 0 0 0 0
fn=_dl_sysdep_start_cleanup
262 1 1 1 0 0 0 0 0 0
263 1 0 0 1 0 0 0 0 0
fl=./elf/../elf/dl-tls.c
fn=_dl_add_to_slotinfo
1015 16 1 1 0 0 0 8 0 0
1021 2 0 0 2 0 0 0 0 0
1024 2 0 0 2 2 0 0 0 0
1025 2 0 0 0 0 0 0 0 0
1029 6 1 1 2 1 0 0 0 0
1063 4 0 0 0 0 0 0 0 0
1066 6 0 0 0 0 0 2 2 0
1067 6 0 0 2 0 0 2 0 0
1070 12 0 0 10 0 0 0 0 0
fn=_dl_allocate_tls_init
528 10 2 2 0 0 0 8 0 0
529 2 0 0 0 0 0 0 0 0
533 2 0 0 1 1 0 1 0 0
535 1 0 0 0 0 0 1 0 0
536 1 0 0 0 0 0 0 0 0
539 2 0 0 1 1 0 1 0 0
542 3 0 0 2 1 0 0 0 0
554 1 1 1 1 0 0 0 0 0
559 23 1 1 4 1 0 0 0 0
565 6 1 1 0 0 0 0 0 0
568 6 0 0 2 0 0 0 0 0
569 4 0 0 0 0 0 0 0 0
575 6 0 0 4 0 0 0 0 0
576 4 0 0 0 0 0 0 0 0
578 15 1 1 6 2 0 2 1 1
581 4 0 0 0 0 0 0 0 0
582 4 0 0 2 0 0 0 0 0
585 4 0 0 0 0 0 0 0 0
586 8 1 1 4 1 0 0 0 0
588 4 0 0 0 0 0 0 0 0
589 4 0 0 2 0 0 0 0 0
598 2 0 0 0 0 0 2 0 0
606 4 0 0 2 0 0 0 0 0
608 16 0 0 2 0 0 4 0 0
614 2 0 0 2 0 0 0 0 0
620 2 0 0 1 1 0 1 0 0
623 2 1 1 1 0 0 1 0 0
626 9 0 0 8 0 0 0 0 0
fn=_dl_allocate_tls_storage
370 1 0 0 1 0 0 0 0 0
374 1 0 0 0 0 0 0 0 0
375 1 0 0 0 0 0 0 0 0
376 2 0 0 0 0 0 0 0 0
379 1 0 0 0 0 0 1 1 1
385 2 0 0 0 0 0 1 0 0
422 4 1 1 0 0 0 3 0 0
424 1 0 0 1 0 0 0 0 0
435 1 0 0 1 0 0 0 0 0
436 1 0 0 0 0 0 0 0 0
437 3 0 0 0 0 0 0 0 0
445 4 1 1 0 0 0 0 0 0
446 1 0 0 0 0 0 0 0 0
450 321 1 1 0 0 0 313 39 39
469 1 0 0 0 0 0 1 1 1
475 5 0 0 4 0 0 0 0 0
fn=_dl_assign_tls_modid
131 4 1 1 0 0 0 0 0 0
134 4 0 0 2 0 0 0 0 0
147 2 1 1 2 0 0 0 0 0
186 2 0 0 0 0 0 0 0 0
188 2 0 0 0 0 0 2 0 0
191 2 0 0 0 0 0 2 0 0
192 4 0 0 2 0 0 0 0 0
fn=_dl_count_modids
197 1 1 1 0 0 0 0 0 0
199 2 0 0 1 0 0 0 0 0
200 1 0 0 1 0 0 0 0 0
215 2 0 0 1 0 0 0 0 0
fn=_dl_determine_tlsoffset
221 8 2 2 0 0 0 6 0 0
222 1 0 0 0 0 0 0 0 0
223 1 0 0 0 0 0 0 0 0
224 1 0 0 0 0 0 0 0 0
227 3 0 0 1 0 0 0 0 0
230 2 0 0 1 0 0 0 0 0
264 1 0 0 0 0 0 0 0 0
266 16 0 0 3 0 0 0 0 0
268 7 2 2 3 0 0 1 0 0
270 6 0 0 2 0 0 0 0 0
271 4 0 0 2 0 0 0 0 0
273 4 1 1 0 0 0 0 0 0
275 10 0 0 2 0 0 0 0 0
286 2 0 0 0 0 0 2 0 0
291 16 0 0 0 0 0 0 0 0
293 4 0 0 0 0 0 0 0 0
294 2 0 0 0 0 0 0 0 0
306 1 0 0 0 0 0 1 0 0
307 9 1 1 1 0 0 1 0 0
309 2 0 0 0 0 0 0 0 0
360 8 1 1 7 0 0 0 0 0
fn=_dl_tls_static_surplus_init
83 3 0 0 0 0 0 0 0 0
97 6 1 1 0 0 0 3 0 0
101 6 1 1 1 0 0 1 0 0
102 6 0 0 1 0 0 1 0 0
108 2 0 0 0 0 0 0 0 0
110 4 0 0 0 0 0 0 0 0
113 1 0 0 0 0 0 0 0 0
115 1 0 0 0 0 0 1 0 0
117 3 0 0 0 0 0 1 0 0
118 5 0 0 4 0 0 0 0 0
fl=./elf/../include/list.h
fn=__tls_init_tp
43 2 1 1 1 1 0 1 0 0
44 2 0 0 0 0 0 1 0 0
45 1 0 0 0 0 0 1 0 0
47 1 0 0 0 0 0 1 0 0
fl=./elf/../include/rtld-malloc.h
fn=__minimal_calloc
56 17 0 0 17 0 0 0 0 0
fn=_dl_allocate_tls_storage
44 2 0 0 1 0 0 1 0 0
56 1 0 0 1 0 0 1 0 0
fn=_dl_check_map_versions
44 18 0 0 6 0 0 6 0 0
fn=_dl_find_object_init
56 2 0 0 1 0 0 1 0 0
fn=_dl_important_hwcaps
56 3 1 1 2 0 0 3 0 0
fn=_dl_init_paths
56 5 0 0 3 0 0 3 0 0
fn=_dl_map_object_deps
56 12 0 0 6 0 0 6 0 0
fn=_dl_new_object
44 24 1 1 6 0 0 12 0 0
56 15 0 0 5 0 0 5 0 0
fn=do_lookup_x
44 12 1 1 3 1 0 4 0 0
fn=fillin_rpath.isra.0
50 2 0 0 2 0 0 1 0 0
51 1 0 0 0 0 0 0 0 0
56 2 0 0 1 0 0 1 0 0
fn=init_tls
44 2 0 0 1 0 0 1 0 0
fn=open_verify.constprop.0
50 8 0 0 4 0 0 4 0 0
fn=open_verify.constprop.1
50 2 1 1 1 0 0 1 0 0
fl=./elf/../include/scratch_buffer.h
fn=_dl_map_object_deps
77 3 0 0 0 0 0 2 1 1
78 1 0 0 0 0 0 1 0 0
85 3 1 1 2 0 0 0 0 0
131 15 0 0 0 0 0 5 0 0
fl=./elf/../misc/sbrk.c
fn=sbrk
37 5 0 0 0 0 0 2 0 0
40 1 1 1 1 0 0 0 0 0
58 2 0 0 0 0 0 0 0 0
62 2 0 0 0 0 0 0 0 0
78 5 0 0 3 0 0 0 0 0
fl=./elf/../nptl/nptl-stack.h
fn=__libc_early_init
58 8 0 0 2 1 0 0 0 0
fl=./elf/../sysdeps/generic/dl-cache.h
fn=_dl_load_cache_lookup
125 20 1 1 4 2 2 0 0 0
194 1 0 0 1 0 0 0 0 0
195 5 0 0 0 0 0 0 0 0
fl=./elf/../sysdeps/generic/dl-debug.h
fn=dl_main
29 3 0 0 1 0 0 0 0 0
30 2 0 0 1 0 0 1 0 0
fl=./elf/../sysdeps/generic/dl-hash.h
fn=__rtld_malloc_init_real
43 1 0 0 0 0 0 0 0 0
44 1 0 0 0 0 0 0 0 0
45 19 2 2 6 1 1 0 0 0
48 18 0 0 0 0 0 0 0 0
62 24 0 0 0 0 0 0 0 0
67 1 0 0 0 0 0 0 0 0
72 1 0 0 0 0 0 1 0 0
fl=./elf/../sysdeps/generic/dl-protected.h
fn=do_lookup_x
29 4376 0 0 0 0 0 0 0 0
44 15421 0 0 0 0 0 4406 0 0
fl=./elf/../sysdeps/generic/ldsodefs.h
fn=_dl_relocate_object
138 10215 0 0 3405 0 0 0 0 0
fn=_dl_start
80 3 0 0 2 0 0 0 0 0
fn=do_lookup_x
137 4376 1 1 2188 0 0 0 0 0
138 6564 0 0 0 0 0 0 0 0
fl=./elf/../sysdeps/nptl/dl-mutex.c
fn=__rtld_mutex_init
30 4 1 1 0 0 0 3 0 0
37 1 0 0 1 0 0 0 0 0
40 7 1 1 0 0 0 1 0 0
44 2 0 0 0 0 0 0 0 0
45 9 0 0 3 0 0 1 0 0
47 6 1 1 0 0 0 1 0 0
51 2 0 0 0 0 0 0 0 0
52 7 0 0 3 0 0 1 0 0
53 4 0 0 4 0 0 0 0 0
fl=./elf/../sysdeps/nptl/dl-tls_init_tp.c
fn=__tls_init_tp
68 3 0 0 0 0 0 1 0 0
69 1 0 0 1 0 0 0 0 0
72 1 0 0 0 0 0 0 0 0
75 4 1 1 0 0 0 1 0 0
76 2 0 0 0 0 0 1 0 0
77 1 0 0 0 0 0 1 0 0
82 2 0 0 1 0 0 1 0 0
87 4 0 0 0 0 0 1 0 0
90 1 1 1 0 0 0 1 0 0
93 3 0 0 0 0 0 0 0 0
106 4 0 0 0 0 0 1 0 0
123 3 0 0 2 0 0 1 0 0
130 2 1 1 1 0 0 1 0 0
132 1 0 0 0 0 0 1 0 0
133 1 0 0 0 0 0 1 0 0
134 3 0 0 2 0 0 0 0 0
fn=__tls_pre_init_tp
53 3 1 1 0 0 0 0 0 0
56 10 1 1 0 0 0 3 1 1
61 2 0 0 0 0 0 1 0 0
62 1 0 0 0 0 0 1 0 0
64 1 0 0 1 0 0 0 0 0
fn=rtld_mutex_dummy
42 258 0 0 0 0 0 0 0 0
44 516 0 0 258 0 0 0 0 0
fl=./elf/../sysdeps/nptl/pthread_early_init.h
fn=__libc_early_init
33 6 0 0 0 0 0 1 0 0
34 6 0 0 1 0 0 0 0 0
45 2 1 1 2 0 0 0 0 0
46 1 0 0 0 0 0 0 0 0
52 7 1 1 0 0 0 1 0 0
53 1 0 0 0 0 0 1 0 0
54 1 0 0 0 0 0 1 1 1
57 1 0 0 0 0 0 1 0 0
fl=./elf/../sysdeps/posix/dl-fileid.h
fn=_dl_map_object_from_fd
37 25 1 1 5 0 0 5 0 0
40 20 1 1 15 1 1 5 0 0
49 69 1 1 33 1 1 0 0 0
fl=./elf/../sysdeps/unix/sysv/linux/brk.c
fn=brk
35 1 1 1 0 0 0 0 0 0
36 3 0 0 0 0 0 1 1 1
37 2 0 0 0 0 0 0 0 0
43 1 0 0 0 0 0 0 0 0
44 1 0 0 1 0 0 0 0 0
fl=./elf/../sysdeps/unix/sysv/linux/dl-osinfo.h
fn=dl_main
64 2 0 0 1 0 0 0 0 0
fl=./elf/../sysdeps/unix/sysv/linux/dl-sysdep.c
fn=_dl_discover_osversion
46 5 1 1 0 0 0 3 0 0
48 3 0 0 1 0 0 0 0 0
88 4 1 1 0 0 0 1 1 1
103 1 0 0 0 0 0 0 0 0
107 1 0 0 0 0 0 0 0 0
108 1 0 0 0 0 0 0 0 0
110 12 1 1 3 1 1 0 0 0
112 6 0 0 0 0 0 0 0 0
114 17 0 0 4 0 0 0 0 0
116 1 0 0 0 0 0 0 0 0
117 4 0 0 0 0 0 0 0 0
120 3 1 1 0 0 0 0 0 0
121 3 0 0 0 0 0 0 0 0
122 3 0 0 0 0 0 0 0 0
124 15 0 0 0 0 0 0 0 0
133 5 0 0 4 0 0 0 0 0
fn=_dl_sysdep_start
36 2 0 0 0 0 0 1 0 0
fl=./elf/../sysdeps/unix/sysv/linux/dl-vdso-setup.h
fn=dl_main
30 3 1 1 0 0 0 2 0 0
33 1 1 1 0 0 0 1 0 0
36 1 0 0 0 0 0 1 0 0
39 1 0 0 0 0 0 1 0 0
45 1 1 1 0 0 0 1 0 0
fl=./elf/../sysdeps/unix/sysv/linux/dl-vdso.h
fn=dl_main
40 1 1 1 1 0 0 0 0 0
41 2 0 0 0 0 0 0 0 0
55 2 0 0 0 0 0 0 0 0
fl=./elf/../sysdeps/unix/sysv/linux/rseq-internal.h
fn=__tls_init_tp
32 3 0 0 1 0 0 0 0 0
34 7 1 1 0 0 0 0 0 0
37 2 0 0 0 0 0 0 0 0
40 1 0 0 0 0 0 1 0 0
fl=./elf/../sysdeps/unix/sysv/linux/x86/cpu-features.c
fn=init_cpu_features.constprop.0
27 6 0 0 0 0 0 0 0 0
fl=./elf/../sysdeps/unix/sysv/linux/x86/dl-minsigstacksize.h
fn=get_common_indices.constprop.0
24 2 1 1 1 0 0 0 0 0
27 2 0 0 1 0 0 0 0 0
28 2 0 0 1 0 0 0 0 0
65 3 0 0 0 0 0 0 0 0
72 1 0 0 0 0 0 0 0 0
74 1 1 1 0 0 0 1 0 0
fl=./elf/../sysdeps/x86/cpu-features.c
fn=get_common_indices.constprop.0
325 1 1 1 0 0 0 1 0 0
329 4 0 0 0 0 0 0 0 0
332 5 1 1 0 0 0 3 0 0
336 1 0 0 0 0 0 1 0 0
337 4 0 0 0 0 0 1 0 0
338 4 0 0 0 0 0 1 0 0
339 4 0 0 0 0 0 1 0 0
340 3 0 0 0 0 0 1 0 0
341 2 0 0 1 0 0 0 0 0
348 2 1 1 1 0 0 0 0 0
350 9 0 0 0 0 0 4 1 1
355 8 0 0 0 0 0 4 1 1
362 2 1 1 1 0 0 0 0 0
363 7 1 1 0 0 0 4 1 1
369 2 0 0 1 0 0 0 0 0
384 2 0 0 2 0 0 0 0 0
fn=init_cpu_features.constprop.0
303 3 0 0 0 0 0 0 0 0
304 2 0 0 0 0 0 0 0 0
305 6 1 1 0 0 0 4 0 0
310 2 0 0 0 0 0 0 0 0
311 6 0 0 0 0 0 4 0 0
316 2 0 0 0 0 0 0 0 0
317 6 1 1 0 0 0 4 0 0
399 7 2 2 0 0 0 6 0 0
402 1 0 0 0 0 0 1 1 1
403 1 0 0 0 0 0 1 0 0
404 1 0 0 0 0 0 1 0 0
415 3 0 0 0 0 0 1 0 0
418 6 1 1 0 0 0 0 0 0
419 1 1 1 0 0 0 0 0 0
422 2 0 0 0 0 0 0 0 0
424 6 2 2 0 0 0 1 1 1
429 1 0 0 0 0 0 1 0 0
431 3 0 0 1 0 0 0 0 0
433 4 1 1 2 0 0 1 0 0
434 15 2 2 0 0 0 0 0 0
489 3 1 1 1 0 0 0 0 0
503 1 0 0 1 0 0 0 0 0
513 11 1 1 1 1 1 0 0 0
516 1 0 0 1 0 0 0 0 0
555 1 0 0 1 0 0 0 0 0
556 1 0 0 0 0 0 0 0 0
564 2 1 1 1 0 0 0 0 0
571 2 0 0 1 0 0 0 0 0
573 1 0 0 1 0 0 0 0 0
577 2 0 0 1 0 0 0 0 0
583 2 0 0 1 0 0 0 0 0
593 1 1 1 0 0 0 0 0 0
687 5 1 1 1 0 0 0 0 0
688 1 0 0 1 0 0 0 0 0
691 2 0 0 0 0 0 0 0 0
692 1 0 0 1 0 0 0 0 0
698 1 0 0 0 0 0 1 0 0
699 1 0 0 0 0 0 1 0 0
701 1 0 0 0 0 0 1 0 0
706 4 0 0 0 0 0 1 0 0
710 3 1 1 1 0 0 0 0 0
723 2 0 0 0 0 0 0 0 0
724 4 0 0 1 0 0 0 0 0
770 1 0 0 0 0 0 1 0 0
771 2 1 1 1 0 0 0 0 0
775 3 1 1 1 0 0 0 0 0
792 2 1 1 0 0 0 0 0 0
793 2 0 0 0 0 0 0 0 0
795 3 1 1 0 0 0 0 0 0
796 2 0 0 1 0 0 0 0 0
798 3 0 0 0 0 0 0 0 0
799 2 0 0 0 0 0 0 0 0
802 2 0 0 0 0 0 1 0 0
817 4 1 1 0 0 0 1 0 0
819 4 0 0 0 0 0 1 0 0
829 2 1 1 1 0 0 0 0 0
874 8 0 0 7 0 0 0 0 0
fn=update_active.constprop.0
43 7 1 1 0 0 0 6 0 0
47 1 0 0 1 0 0 0 0 0
55 3 0 0 1 0 0 0 0 0
56 3 0 0 0 0 0 0 0 0
57 1 0 0 1 0 0 0 0 0
65 4 1 1 1 0 0 1 0 0
66 1 0 0 1 0 0 0 0 0
74 4 1 1 1 0 0 1 0 0
75 1 0 0 1 0 0 0 0 0
76 3 0 0 0 0 0 1 0 0
80 4 0 0 0 0 0 1 0 0
83 3 0 0 1 0 0 0 0 0
84 1 0 0 1 0 0 0 0 0
87 3 0 0 1 0 0 0 0 0
88 2 0 0 1 0 0 1 1 1
92 8 1 1 1 0 0 2 0 0
93 3 0 0 2 0 0 0 0 0
94 3 1 1 2 0 0 0 0 0
95 1 0 0 1 0 0 0 0 0
97 4 0 0 1 0 0 1 0 0
98 3 1 1 2 1 1 0 0 0
100 2 0 0 0 0 0 0 0 0
101 4 0 0 0 0 0 1 0 0
104 4 0 0 0 0 0 1 0 0
105 4 1 1 0 0 0 1 0 0
109 2 0 0 0 0 0 0 0 0
113 2 0 0 0 0 0 0 0 0
115 4 0 0 0 0 0 0 0 0
119 2 1 1 0 0 0 0 0 0
121 1 0 0 0 0 0 0 0 0
124 2 1 1 0 0 0 0 0 0
126 2 0 0 0 0 0 1 0 0
130 1 0 0 0 0 0 0 0 0
131 1 0 0 1 1 1 0 0 0
134 4 0 0 0 0 0 1 0 0
140 4 0 0 0 0 0 1 0 0
142 4 1 1 2 0 0 1 0 0
144 3 0 0 0 0 0 1 0 0
149 4 0 0 0 0 0 0 0 0
198 3 0 0 0 0 0 0 0 0
210 2 0 0 0 0 0 1 0 0
211 1 0 0 1 0 0 0 0 0
214 4 1 1 1 0 0 1 0 0
218 2 0 0 1 0 0 0 0 0
222 3 1 1 0 0 0 0 0 0
223 2 0 0 0 0 0 0 0 0
225 1 0 0 0 0 0 0 0 0
226 1 0 0 0 0 0 0 0 0
229 2 0 0 0 0 0 1 0 0
231 1 0 0 0 0 0 1 0 0
234 2 0 0 0 0 0 0 0 0
285 3 0 0 1 0 0 0 0 0
289 3 0 0 1 0 0 0 0 0
296 1 0 0 0 0 0 1 0 0
297 8 0 0 7 0 0 0 0 0
fl=./elf/../sysdeps/x86/dl-cacheinfo.h
fn=get_common_cache_info.constprop.0
481 9 1 1 0 0 0 6 0 0
496 1 0 0 1 0 0 0 0 0
497 1 0 0 1 0 0 0 0 0
498 2 0 0 1 0 0 1 0 0
499 1 0 0 1 0 0 0 0 0
505 1 0 0 0 0 0 1 0 0
507 8 1 1 3 0 0 2 0 0
510 4 1 1 0 0 0 2 0 0
521 1 0 0 0 0 0 0 0 0
526 3 0 0 1 0 0 0 0 0
530 2 0 0 0 0 0 0 0 0
535 6 1 1 1 0 0 1 0 0
538 23 2 2 0 0 0 0 0 0
545 8 0 0 0 0 0 0 0 0
548 26 0 0 0 0 0 0 0 0
553 2 1 1 0 0 0 0 0 0
557 3 0 0 0 0 0 0 0 0
558 1 0 0 0 0 0 0 0 0
562 6 0 0 0 0 0 0 0 0
566 3 0 0 0 0 0 0 0 0
569 4 0 0 0 0 0 1 0 0
570 1 0 0 0 0 0 0 0 0
575 4 0 0 0 0 0 0 0 0
581 4 0 0 0 0 0 0 0 0
589 7 0 0 1 0 0 0 0 0
591 2 0 0 0 0 0 0 0 0
593 5 0 0 0 0 0 0 0 0
595 12 1 1 0 0 0 0 0 0
597 1 0 0 0 0 0 0 0 0
598 1 0 0 0 0 0 0 0 0
599 9 0 0 1 0 0 0 0 0
601 4 1 1 0 0 0 0 0 0
604 2 0 0 0 0 0 0 0 0
609 1 0 0 0 0 0 0 0 0
611 5 0 0 0 0 0 0 0 0
612 3 0 0 0 0 0 0 0 0
613 1 1 1 0 0 0 0 0 0
616 2 0 0 0 0 0 0 0 0
619 2 1 1 0 0 0 0 0 0
626 1 0 0 0 0 0 0 0 0
628 4 0 0 0 0 0 0 0 0
629 1 0 0 0 0 0 0 0 0
634 2 1 1 0 0 0 0 0 0
639 2 0 0 0 0 0 0 0 0
640 1 0 0 0 0 0 0 0 0
641 2 0 0 0 0 0 0 0 0
642 3 0 0 0 0 0 0 0 0
643 2 0 0 1 0 0 0 0 0
681 4 1 1 0 0 0 0 0 0
682 5 0 0 0 0 0 0 0 0
686 2 0 0 1 0 0 0 0 0
693 1 0 0 0 0 0 1 0 0
694 1 0 0 0 0 0 1 0 0
695 7 0 0 7 0 0 0 0 0
fn=handle_intel.constprop.0
250 96 0 0 0 0 0 72 0 0
255 24 1 1 12 0 0 0 0 0
261 24 0 0 0 0 0 12 0 0
263 12 0 0 0 0 0 12 1 1
264 36 1 1 0 0 0 12 0 0
266 15 0 0 1 0 0 0 0 0
272 60 0 0 0 0 0 12 0 0
277 24 0 0 0 0 0 0 0 0
279 24 0 0 0 0 0 12 0 0
280 12 0 0 0 0 0 0 0 0
284 48 1 1 0 0 0 12 0 0
286 24 0 0 0 0 0 0 0 0
289 60 0 0 0 0 0 12 0 0
291 24 0 0 0 0 0 0 0 0
294 5 0 0 0 0 0 1 0 0
296 2 0 0 0 0 0 0 0 0
299 5 0 0 1 0 0 1 0 0
301 2 0 0 0 0 0 0 0 0
305 3 0 0 0 0 0 0 0 0
310 96 1 1 84 0 0 0 0 0
fn=init_cpu_features.constprop.0
706 1 0 0 0 0 0 1 0 0
708 1 1 1 0 0 0 1 0 0
722 2 0 0 0 0 0 0 0 0
724 5 1 1 0 0 0 3 2 2
725 3 0 0 0 0 0 1 0 0
726 4 1 1 0 0 0 2 0 0
729 3 0 0 0 0 0 2 0 0
731 3 0 0 0 0 0 2 0 0
732 1 0 0 0 0 0 1 0 0
734 3 0 0 0 0 0 2 0 0
736 3 0 0 0 0 0 2 0 0
737 1 0 0 0 0 0 1 0 0
739 3 1 1 0 0 0 2 0 0
741 3 0 0 0 0 0 2 0 0
744 3 0 0 0 0 0 2 0 0
746 3 0 0 0 0 0 1 0 0
748 3 1 1 0 0 0 2 0 0
750 4 0 0 0 0 0 1 0 0
840 18 3 3 10 0 0 6 2 2
863 15 1 1 2 0 0 1 0 0
885 2 0 0 1 0 0 0 0 0
886 1 0 0 1 0 0 0 0 0
893 11 2 2 0 0 0 0 0 0
910 4 1 1 1 0 0 0 0 0
923 4 0 0 1 0 0 1 0 0
931 5 0 0 1 0 0 1 0 0
933 2 1 1 0 0 0 0 0 0
936 5 0 0 1 0 0 1 0 0
938 4 0 0 1 0 0 1 0 0
941 5 1 1 1 0 0 1 0 0
942 5 0 0 0 0 0 1 0 0
946 6 1 1 1 0 0 2 0 0
947 3 0 0 1 0 0 0 0 0
953 8 0 0 3 0 0 2 0 0
956 15 2 2 1 0 0 6 0 0
957 9 1 1 1 0 0 4 0 0
958 12 1 1 1 0 0 5 0 0
961 8 0 0 0 0 0 4 0 0
963 8 1 1 0 0 0 4 0 0
967 7 1 1 4 0 0 3 0 0
970 1 0 0 0 0 0 0 0 0
fn=intel_check_word.constprop.0
110 690 0 0 345 8 8 0 0 0
113 345 0 0 0 0 0 0 0 0
119 104 0 0 0 0 0 78 0 0
123 78 1 1 0 0 0 0 0 0
125 15 0 0 0 0 0 0 0 0
129 156 0 0 0 0 0 0 0 0
131 154 1 1 0 0 0 0 0 0
133 63 1 1 0 0 0 0 0 0
135 126 0 0 0 0 0 0 0 0
143 126 0 0 0 0 0 0 0 0
152 54 1 1 0 0 0 0 0 0
155 120 2 2 0 0 0 0 0 0
158 99 0 0 0 0 0 0 0 0
162 64 0 0 0 0 0 0 0 0
164 186 0 0 0 0 0 0 0 0
166 84 0 0 0 0 0 0 0 0
168 44 0 0 0 0 0 0 0 0
169 32 0 0 0 0 0 0 0 0
170 10 0 0 0 0 0 0 0 0
172 11 1 1 0 0 0 0 0 0
174 22 0 0 0 0 0 0 0 0
176 12 1 1 0 0 0 0 0 0
177 16 0 0 0 0 0 0 0 0
178 12 1 1 0 0 0 0 0 0
179 20 0 0 0 0 0 0 0 0
180 14 0 0 0 0 0 0 0 0
181 12 1 1 0 0 0 0 0 0
183 8 0 0 0 0 0 0 0 0
184 12 0 0 0 0 0 0 0 0
187 21 0 0 0 0 0 0 0 0
194 204 0 0 0 0 0 0 0 0
202 200 0 0 50 0 0 0 0 0
216 51 0 0 0 0 0 0 0 0
246 104 0 0 104 0 0 0 0 0
fl=./elf/../sysdeps/x86/dl-cet.c
fn=_dl_cet_check
41 2 0 0 0 0 0 0 0 0
42 1 0 0 1 1 1 0 0 0
44 1 0 0 0 0 0 0 0 0
45 1 0 0 0 0 0 0 0 0
48 4 1 1 0 0 0 0 0 0
49 2 0 0 0 0 0 0 0 0
51 1 0 0 1 0 0 0 0 0
62 2 0 0 0 0 0 0 0 0
252 8 1 1 0 0 0 6 0 0
254 8 1 1 7 0 0 0 0 0
fl=./elf/../sysdeps/x86/dl-get-cpu-features.c
fn=__x86_cpu_features
39 3 0 0 1 1 0 0 0 0
71 3 1 0 1 0 0 0 0 0
fn=_dl_x86_init_cpu_features
37 1 1 1 0 0 0 0 0 0
39 3 0 0 1 0 0 0 0 0
41 1 1 1 0 0 0 0 0 0
fl=./elf/../sysdeps/x86/dl-hwcap.h
fn=_dl_important_hwcaps
57 3 0 0 0 0 0 0 0 0
fl=./elf/../sysdeps/x86/dl-procinfo.h
fn=_dl_load_cache_lookup
39 8 1 1 0 0 0 0 0 0
42 28 0 0 0 0 0 12 0 0
fl=./elf/../sysdeps/x86/dl-prop.h
fn=_dl_map_object_from_fd
95 40 0 0 20 0 0 0 0 0
100 5 0 0 0 0 0 0 0 0
101 10 0 0 0 0 0 5 0 0
102 5 1 1 0 0 0 5 0 0
103 5 0 0 0 0 0 0 0 0
105 35 0 0 0 0 0 0 0 0
108 15 1 1 5 0 0 0 0 0
109 10 0 0 5 0 0 0 0 0
110 10 0 0 5 0 0 0 0 0
114 15 0 0 5 0 0 0 0 0
118 15 0 0 0 0 0 5 0 0
121 15 1 1 5 0 0 0 0 0
122 10 0 0 0 0 0 0 0 0
126 5 0 0 0 0 0 0 0 0
127 20 0 0 0 0 0 5 0 0
131 18 1 1 7 0 0 0 0 0
132 7 0 0 7 0 0 0 0 0
135 14 0 0 0 0 0 0 0 0
138 7 0 0 0 0 0 0 0 0
139 28 0 0 0 0 0 0 0 0
144 14 1 1 0 0 0 0 0 0
146 28 0 0 0 0 0 0 0 0
151 14 0 0 0 0 0 0 0 0
164 14 0 0 0 0 0 0 0 0
165 17 0 0 7 3 3 5 0 0
166 4 0 0 0 0 0 0 0 0
170 6 0 0 2 0 0 2 0 0
185 15 0 0 0 0 0 0 0 0
187 20 0 0 0 0 0 0 0 0
192 5 0 0 0 0 0 0 0 0
193 20 0 0 0 0 0 0 0 0
198 20 0 0 5 0 0 0 0 0
200 20 0 0 5 0 0 5 0 0
201 5 0 0 0 0 0 5 0 0
203 5 0 0 0 0 0 5 0 0
212 15 0 0 10 0 0 0 0 0
213 5 0 0 5 0 0 0 0 0
fn=dl_main
36 1 1 1 1 0 0 0 0 0
37 24 1 1 0 0 0 0 0 0
40 8 0 0 8 0 0 0 0 0
49 47 0 0 13 0 0 0 0 0
53 39 0 0 7 1 0 0 0 0
71 3 0 0 0 0 0 1 0 0
95 8 0 0 4 0 0 0 0 0
100 1 1 1 0 0 0 0 0 0
101 2 0 0 0 0 0 1 0 0
102 1 0 0 0 0 0 1 0 0
103 1 0 0 0 0 0 0 0 0
105 9 0 0 0 0 0 1 0 0
108 3 1 1 1 0 0 0 0 0
109 2 0 0 1 0 0 0 0 0
110 2 0 0 1 0 0 0 0 0
114 3 0 0 1 0 0 0 0 0
118 3 0 0 0 0 0 1 0 0
121 3 1 1 1 0 0 0 0 0
122 2 0 0 0 0 0 0 0 0
126 1 0 0 0 0 0 0 0 0
127 4 0 0 0 0 0 1 0 0
131 6 1 1 2 0 0 0 0 0
132 2 0 0 2 0 0 0 0 0
135 4 0 0 0 0 0 0 0 0
138 2 0 0 0 0 0 0 0 0
139 8 0 0 0 0 0 0 0 0
144 4 1 1 0 0 0 0 0 0
146 8 0 0 0 0 0 0 0 0
151 4 0 0 0 0 0 0 0 0
164 4 0 0 0 0 0 0 0 0
165 4 0 0 2 0 0 1 0 0
166 2 0 0 0 0 0 0 0 0
170 3 1 1 1 0 0 1 0 0
185 3 0 0 0 0 0 0 0 0
187 4 0 0 0 0 0 0 0 0
192 1 0 0 0 0 0 0 0 0
193 4 0 0 0 0 0 0 0 0
198 4 1 1 1 0 0 0 0 0
200 4 0 0 1 0 0 1 0 0
201 1 0 0 0 0 0 1 0 0
203 2 0 0 0 0 0 1 0 0
212 5 0 0 4 0 0 0 0 0
213 2 0 0 2 0 0 0 0 0
fl=./elf/../sysdeps/x86/get-isa-level.h
fn=_dl_hwcaps_subdirs_active
30 2 0 0 0 0 0 0 0 0
31 3 1 1 1 0 0 0 0 0
32 3 0 0 1 0 0 0 0 0
36 3 0 0 0 0 0 0 0 0
39 4 0 0 1 0 0 0 0 0
40 4 1 1 1 0 0 0 0 0
45 4 0 0 0 0 0 0 0 0
48 2 0 0 0 0 0 0 0 0
49 3 0 0 1 0 0 0 0 0
51 4 1 1 0 0 0 0 0 0
52 2 0 0 0 0 0 0 0 0
53 2 0 0 0 0 0 0 0 0
56 2 0 0 0 0 0 0 0 0
59 2 0 0 0 0 0 0 0 0
fn=update_active.constprop.0
28 1 0 0 0 0 0 0 0 0
30 2 0 0 0 0 0 0 0 0
31 2 1 1 0 0 0 0 0 0
32 3 0 0 0 0 0 0 0 0
36 3 0 0 0 0 0 0 0 0
38 1 0 0 0 0 0 0 0 0
39 3 1 1 1 0 0 0 0 0
40 4 0 0 1 0 0 0 0 0
45 4 1 1 0 0 0 0 0 0
47 1 0 0 0 0 0 0 0 0
48 2 0 0 0 0 0 0 0 0
49 3 0 0 1 0 0 0 0 0
51 4 1 1 0 0 0 0 0 0
52 2 0 0 0 0 0 0 0 0
53 2 0 0 0 0 0 0 0 0
55 1 0 0 0 0 0 0 0 0
56 2 0 0 0 0 0 0 0 0
59 2 0 0 0 0 0 0 0 0
fl=./elf/../sysdeps/x86_64/dl-hwcaps-subdirs.c
fn=_dl_hwcaps_subdirs_active
29 1 1 1 0 0 0 0 0 0
38 3 0 0 0 0 0 0 0 0
43 1 0 0 0 0 0 0 0 0
48 1 0 0 0 0 0 0 0 0
52 1 0 0 1 0 0 0 0 0
fl=./elf/../sysdeps/x86_64/dl-irel.h
fn=_dl_fixup
32 1 1 1 0 0 0 1 0 0
fl=./elf/../sysdeps/x86_64/dl-machine.h
fn=_dl_fixup
229 82 0 0 0 0 0 82 0 0
fn=_dl_relocate_object
71 24 0 0 6 0 0 0 0 0
77 16 0 0 12 2 0 0 0 0
81 12 0 0 4 4 4 0 0 0
87 4 0 0 0 0 0 4 0 0
95 12 1 1 4 0 0 0 0 0
115 8 0 0 4 0 0 0 0 0
117 8 0 0 0 0 0 4 0 0
119 20 0 0 4 2 0 0 0 0
262 6844 0 0 0 0 0 0 0 0
283 6844 0 0 0 0 0 0 0 0
287 6844 0 0 0 0 0 0 0 0
294 142420 11 11 33506 1741 1333 16109 2 0
296 27266 4 4 10227 3 0 0 0 0
299 13615 1 1 3390 0 0 0 0 0
300 4 0 0 0 0 0 0 0 0
301 20 0 0 4 0 0 0 0 0
304 8 0 0 0 0 0 0 0 0
305 12 1 1 4 0 0 0 0 0
316 10 1 1 0 0 0 8 0 0
323 16 0 0 8 0 0 4 0 0
326 20532 0 0 3422 5 3 0 0 0
360 6 1 1 0 0 0 0 0 0
361 9 0 0 6 2 0 3 1 1
368 6 0 0 2 0 0 0 0 0
370 4 0 0 4 1 1 0 0 0
379 4 0 0 2 0 0 2 1 0
422 54 1 1 18 0 0 0 0 0
426 72 0 0 18 1 0 0 0 0
431 54 0 0 36 2 2 0 0 0
440 36 0 0 18 0 0 18 6 6
450 10185 2 2 6788 425 424 3397 1106 434
474 28 0 0 0 0 0 7 0 0
484 18 0 0 0 0 0 6 0 0
490 6 1 1 2 0 0 0 0 0
494 8 1 1 2 0 0 4 0 0
495 8 0 0 4 1 1 0 0 0
496 8 0 0 6 0 0 0 0 0
497 2 0 0 0 0 0 0 0 0
507 4 0 0 4 0 0 0 0 0
508 6 1 1 2 0 0 0 0 0
509 2 0 0 0 0 0 2 0 0
510 4 0 0 2 0 0 2 0 0
529 6324 0 0 2108 264 264 0 0 0
530 2108 1 1 0 0 0 2108 477 468
534 4216 0 0 0 0 0 0 0 0
535 4216 0 0 2108 264 264 0 0 0
545 2346 0 0 1173 0 0 0 0 0
549 2232 0 0 0 0 0 0 0 0
552 3348 0 0 1116 0 0 0 0 0
553 1116 0 0 1116 145 143 0 0 0
579 114 0 0 114 0 0 0 0 0
581 57 0 0 0 0 0 57 0 0
582 57 0 0 0 0 0 57 1 1
fn=_dl_start
45 1 0 0 0 0 0 0 0 0
71 1 0 0 1 0 0 0 0 0
287 21 0 0 0 0 0 0 0 0
296 70 1 1 28 7 7 0 0 0
299 14 0 0 0 0 0 0 0 0
326 47 2 2 0 0 0 0 0 0
346 12 1 1 6 1 1 6 2 2
347 6 0 0 0 0 0 0 0 0
414 1 1 1 0 0 0 0 0 0
534 284 0 0 142 18 18 0 0 0
535 426 0 0 142 18 18 142 20 20
fn=_dl_sysdep_start
215 1 0 0 0 0 0 1 0 0
fl=./elf/../sysdeps/x86_64/dl-runtime.h
fn=_dl_fixup
28 82 0 0 0 0 0 0 0 0
fl=./elf/../sysdeps/x86_64/dl-trampoline.h
fn=_dl_runtime_resolve_xsave
67 82 1 1 0 0 0 0 0 0
72 82 0 0 0 0 0 82 0 0
75 82 0 0 0 0 0 0 0 0
77 82 0 0 0 0 0 0 0 0
87 82 0 0 82 4 3 0 0 0
93 82 0 0 0 0 0 82 5 3
94 82 0 0 0 0 0 82 0 0
95 82 1 1 0 0 0 82 0 0
96 82 0 0 0 0 0 82 0 0
97 82 0 0 0 0 0 82 0 0
98 82 0 0 0 0 0 82 0 0
99 82 0 0 0 0 0 82 0 0
103 82 0 0 0 0 0 0 0 0
104 82 0 0 0 0 0 0 0 0
107 82 0 0 0 0 0 82 5 3
108 82 0 0 0 0 0 82 0 0
110 82 0 0 0 0 0 82 0 0
111 82 0 0 0 0 0 82 0 0
112 82 1 1 0 0 0 82 0 0
113 82 0 0 0 0 0 82 0 0
114 82 0 0 0 0 0 82 0 0
115 82 0 0 0 0 0 82 0 0
117 82 0 0 82 0 0 2706 21 8
124 82 0 0 82 0 0 0 0 0
125 82 0 0 82 0 0 0 0 0
126 82 0 0 0 0 0 82 5 1
127 82 0 0 0 0 0 0 0 0
132 82 0 0 0 0 0 0 0 0
133 82 0 0 0 0 0 0 0 0
134 82 0 0 2952 0 0 0 0 0
136 82 1 1 82 0 0 0 0 0
137 82 0 0 82 0 0 0 0 0
138 82 0 0 82 0 0 0 0 0
139 82 0 0 82 0 0 0 0 0
140 82 0 0 82 0 0 0 0 0
141 82 0 0 82 0 0 0 0 0
142 82 0 0 82 0 0 0 0 0
144 82 0 0 0 0 0 0 0 0
146 82 0 0 82 0 0 0 0 0
150 82 0 0 0 0 0 0 0 0
152 82 0 0 0 0 0 0 0 0
fl=./elf/../sysdeps/x86_64/tls_get_addr.S
fn=__tls_get_addr
29 2 1 1 0 0 0 0 0 0
30 2 0 0 2 0 0 0 0 0
31 2 0 0 2 1 1 0 0 0
33 2 0 0 2 1 1 0 0 0
34 2 0 0 0 0 0 0 0 0
35 2 0 0 2 1 1 0 0 0
38 2 0 0 0 0 0 0 0 0
39 2 0 0 2 0 0 0 0 0
43 2 0 0 0 0 0 0 0 0
44 2 0 0 0 0 0 0 0 0
45 2 0 0 2 0 0 0 0 0
46 2 0 0 2 0 0 0 0 0
fl=./elf/./dl-find_object.h
fn=_dl_find_object_from_map
95 14 1 1 7 4 0 7 2 1
96 14 1 1 7 1 0 7 0 0
97 7 0 0 0 0 0 7 3 3
103 35 0 0 14 6 0 0 0 0
104 200 0 0 0 0 0 0 0 0
105 138 1 1 69 59 8 0 0 0
107 21 0 0 14 2 0 7 0 0
112 7 0 0 7 0 0 0 0 0
fl=./elf/./dl-hwcaps.h
fn=_dl_important_hwcaps
54 12 2 2 3 0 0 6 0 0
56 8 0 0 2 0 0 6 0 0
57 1 0 0 0 0 0 0 0 0
88 9 1 1 4 0 0 5 0 0
89 8 0 0 3 0 0 5 0 0
90 6 0 0 0 0 0 0 0 0
fl=./elf/./dl-load.h
fn=_dl_map_object_from_fd
91 40 0 0 0 0 0 0 0 0
92 15 0 0 10 0 0 5 0 0
94 40 1 1 20 1 1 0 0 0
95 20 1 1 12 0 0 0 0 0
96 24 0 0 8 0 0 0 0 0
97 16 1 1 4 0 0 0 0 0
99 16 0 0 0 0 0 4 0 0
fl=./elf/./dl-main.h
fn=dl_main
109 5 1 1 4 0 0 1 0 0
fl=./elf/./dl-map-segments.h
fn=_dl_map_object_from_fd
28 15 0 0 10 0 0 0 0 0
29 45 1 1 20 0 0 10 1 1
96 10 0 0 5 0 0 0 0 0
102 5 0 0 0 0 0 5 0 0
103 15 0 0 5 0 0 0 0 0
106 15 1 1 5 0 0 5 0 0
107 10 0 0 0 0 0 5 0 0
109 10 0 0 5 0 0 0 0 0
116 16 0 0 6 0 0 2 0 0
119 14 0 0 2 0 0 2 0 0
126 5 1 1 5 0 0 0 0 0
128 5 0 0 0 0 0 0 0 0
136 100 0 0 0 0 0 0 0 0
138 60 0 0 30 0 0 0 0 0
140 165 1 1 60 0 0 30 0 0
141 15 0 0 15 0 0 0 0 0
150 80 0 0 40 0 0 0 0 0
156 5 0 0 5 0 0 0 0 0
157 5 0 0 5 0 0 0 0 0
158 25 0 0 5 0 0 0 0 0
159 10 0 0 0 0 0 0 0 0
166 10 1 1 0 0 0 0 0 0
169 10 0 0 0 0 0 0 0 0
177 35 0 0 0 0 0 15 0 0
178 10 0 0 10 0 0 0 0 0
183 10 0 0 0 0 0 0 0 0
187 16 1 1 0 0 0 2 0 0
190 4 0 0 0 0 0 0 0 0
195 20 1 1 0 0 0 0 0 0
fl=./elf/./dl-sym-post.h
fn=lookup_malloc_symbol
41 8 0 0 0 0 0 0 0 0
53 12 0 0 4 0 0 0 0 0
fl=./elf/./dl-tunable-types.h
fn=__GI___tunable_set_val
90 10 0 0 0 0 0 0 0 0
fl=./elf/./elf/dl-audit.c
fn=_dl_audit_activity_map
28 6 1 1 0 0 0 4 0 0
29 1 0 0 1 0 0 0 0 0
30 3 1 1 1 0 0 0 0 0
36 6 1 1 5 0 0 0 0 0
fn=_dl_audit_activity_nsid
40 18 2 2 0 0 0 12 0 0
44 12 0 0 3 0 0 0 0 0
45 3 0 0 3 1 1 0 0 0
46 12 2 2 0 0 0 0 0 0
50 18 0 0 15 0 0 0 0 0
fn=_dl_audit_objclose
96 7 1 1 0 0 0 0 0 0
97 28 0 0 14 0 0 0 0 0
fn=_dl_audit_objopen
76 5 1 1 0 0 0 0 0 0
77 20 0 0 10 0 0 0 0 0
fn=_dl_audit_preinit
117 1 1 1 0 0 0 0 0 0
118 4 0 0 2 1 0 0 0 0
fl=./elf/./elf/dl-cache.c
fn=_dl_cache_libcmp
370 90 1 1 0 0 0 0 0 0
371 378 1 1 30 0 0 0 0 0
373 507 0 0 0 0 0 0 0 0
375 179 1 1 0 0 0 0 0 0
381 15 0 0 0 0 0 0 0 0
382 15 0 0 0 0 0 0 0 0
383 159 0 0 144 0 0 0 0 0
385 159 0 0 144 1 1 0 0 0
387 10 0 0 0 0 0 0 0 0
393 328 0 0 0 0 0 0 0 0
395 328 0 0 0 0 0 0 0 0
396 75 1 1 25 0 0 0 0 0
399 139 0 0 0 0 0 0 0 0
400 139 0 0 0 0 0 0 0 0
403 45 0 0 35 22 22 0 0 0
fn=_dl_load_cache_lookup
194 50 0 0 0 0 0 0 0 0
208 4 0 0 4 0 0 0 0 0
212 32 2 2 4 0 0 12 0 0
218 48 1 1 16 0 0 16 0 0
219 8 0 0 0 0 0 0 0 0
221 20 0 0 0 0 0 0 0 0
228 66 1 1 12 0 0 8 0 0
230 95 0 0 29 0 0 0 0 0
231 50 0 0 25 19 19 0 0 0
235 50 0 0 25 0 0 0 0 0
239 75 1 1 0 0 0 25 0 0
240 50 0 0 0 0 0 0 0 0
248 18 1 1 0 0 0 0 0 0
250 10 0 0 5 1 1 0 0 0
253 10 0 0 0 0 0 0 0 0
255 30 0 0 0 0 0 5 0 0
257 5 0 0 0 0 0 0 0 0
267 8 0 0 0 0 0 0 0 0
277 8 1 1 4 0 0 0 0 0
278 12 0 0 4 0 0 0 0 0
294 8 0 0 0 0 0 0 0 0
303 8 0 0 4 0 0 0 0 0
306 8 0 0 4 0 0 0 0 0
308 12 0 0 4 0 0 0 0 0
309 8 0 0 4 0 0 0 0 0
314 24 1 1 4 0 0 4 0 0
315 16 0 0 4 0 0 0 0 0
322 8 0 0 0 0 0 0 0 0
343 16 0 0 4 0 0 4 0 0
359 21 0 0 0 0 0 0 0 0
360 12 0 0 0 0 0 0 0 0
362 18 0 0 0 0 0 9 0 0
416 40 1 1 0 0 0 24 0 0
418 8 0 0 4 0 0 0 0 0
421 12 1 1 4 0 0 0 0 0
424 5 1 1 0 0 0 1 0 0
432 5 1 1 1 0 0 0 0 0
433 8 0 0 3 1 1 0 0 0
436 7 1 1 0 0 0 0 0 0
437 1 0 0 1 0 0 0 0 0
444 1 1 1 0 0 0 1 0 0
445 2 0 0 0 0 0 1 0 0
490 9 0 0 3 0 0 0 0 0
495 12 0 0 4 0 0 0 0 0
498 12 0 0 4 0 0 4 1 1
513 8 0 0 4 0 0 0 0 0
525 72 2 2 8 0 0 4 0 0
526 16 0 0 4 0 0 4 0 0
527 4 0 0 0 0 0 4 0 0
528 32 0 0 28 0 0 0 0 0
fn=_dl_unload_cache
537 2 1 1 0 0 0 0 0 0
538 4 0 0 1 1 0 0 0 0
540 2 0 0 1 1 0 1 0 0
541 1 1 1 0 0 0 1 0 0
545 1 0 0 0 0 0 1 0 0
547 2 0 0 1 0 0 0 0 0
fl=./elf/./elf/dl-call-libc-early-init.c
fn=_dl_call_libc_early_init
27 4 1 1 0 0 0 2 0 0
29 2 0 0 0 0 0 0 0 0
33 7 1 1 0 0 0 1 0 0
37 2 0 0 0 0 0 0 0 0
39 4 0 0 3 0 0 0 0 0
40 2 0 0 0 0 0 0 0 0
41 3 0 0 2 0 0 0 0 0
fl=./elf/./elf/dl-debug.c
fn=_dl_debug_initialize
56 1 1 1 0 0 0 0 0 0
57 1 0 0 0 0 0 0 0 0
59 2 0 0 0 0 0 0 0 0
61 1 0 0 0 0 0 0 0 0
63 3 0 0 1 1 1 0 0 0
64 2 1 1 0 0 0 1 0 0
85 2 1 1 1 0 0 0 0 0
90 3 0 0 1 0 0 1 0 0
91 2 0 0 0 0 0 1 0 0
92 1 0 0 0 0 0 1 0 0
95 2 0 0 1 0 0 0 0 0
96 6 1 1 1 0 0 1 0 0
99 2 0 0 0 0 0 0 0 0
107 2 1 1 1 0 0 0 0 0
fn=_dl_debug_state
116 2 1 1 0 0 0 0 0 0
117 2 0 0 2 0 0 0 0 0
fn=_dl_debug_update
38 6 1 0 0 0 0 0 0 0
40 12 0 0 0 0 0 0 0 0
41 6 0 0 0 0 0 0 0 0
44 12 0 0 6 1 0 0 0 0
48 6 0 0 6 0 0 0 0 0
fl=./elf/./elf/dl-deps.c
fn=_dl_map_object_deps
144 6 1 1 0 0 0 3 1 1
145 8 0 0 0 0 0 2 0 0
146 5 1 1 0 0 0 0 0 0
148 3 0 0 0 0 0 1 0 0
152 8 0 0 2 0 0 2 0 0
159 15 2 2 0 0 0 7 1 1
160 22 2 2 1 0 0 2 1 1
176 7 0 0 0 0 0 0 0 0
177 1 0 0 1 0 0 0 0 0
180 1 0 0 0 0 0 1 0 0
198 2 0 0 1 0 0 1 0 0
199 3 0 0 1 0 0 1 0 0
200 2 1 1 0 0 0 2 0 0
202 1 0 0 0 0 0 0 0 0
204 19 1 1 13 0 0 0 0 0
206 7 0 0 0 0 0 0 0 0
209 7 0 0 0 0 0 7 0 0
213 28 0 0 7 0 0 7 1 1
214 46 2 2 20 1 1 0 0 0
217 15 0 0 0 0 0 0 0 0
221 15 1 1 5 0 0 5 0 0
224 22 1 1 11 0 0 0 0 0
226 25 2 2 15 0 0 5 0 0
231 10 0 0 5 0 0 5 0 0
232 5 0 0 0 0 0 5 0 0
233 10 1 1 5 0 0 5 0 0
237 574 0 0 151 0 0 5 0 0
238 277 0 0 0 0 0 0 0 0
244 99 2 2 22 0 0 11 0 0
246 11 0 0 0 0 0 11 0 0
248 44 1 1 0 0 0 11 0 0
249 22 1 1 11 0 0 0 0 0
258 11 0 0 11 0 0 0 0 0
260 22 0 0 11 0 0 0 0 0
265 35 1 1 5 0 0 0 0 0
268 5 0 0 0 0 0 5 0 0
269 5 0 0 0 0 0 5 0 0
270 5 0 0 0 0 0 5 0 0
271 10 0 0 5 0 0 5 0 0
273 5 0 0 5 0 0 0 0 0
275 25 1 1 5 0 0 10 0 0
279 33 0 0 11 0 0 0 0 0
280 24 0 0 0 0 0 8 1 1
282 375 1 1 0 0 0 0 0 0
298 1 0 0 0 0 0 1 0 0
380 12 1 1 0 0 0 6 0 0
433 21 0 0 7 0 0 0 0 0
435 15 0 0 0 0 0 5 0 0
438 10 1 1 0 0 0 0 0 0
439 10 0 0 0 0 0 0 0 0
445 5 0 0 0 0 0 5 2 2
446 25 0 0 5 0 0 5 0 0
447 25 0 0 0 0 0 5 0 0
450 5 0 0 0 0 0 5 0 0
451 5 0 0 5 0 0 0 0 0
455 28 1 1 14 0 0 0 0 0
457 7 0 0 7 0 0 0 0 0
458 32 0 0 6 0 0 0 0 0
464 6 1 1 2 0 0 0 0 0
465 1 0 0 0 0 0 1 0 0
468 4 0 0 1 0 0 1 0 0
479 3 1 1 1 0 0 0 0 0
481 2 0 0 0 0 0 0 0 0
486 5 0 0 2 0 0 1 0 0
487 1 0 0 0 0 0 1 0 0
488 9 0 0 1 0 0 0 0 0
490 27 1 1 7 0 0 1 0 0
494 7 0 0 7 0 0 0 0 0
499 14 1 1 0 0 0 0 0 0
501 15 0 0 0 0 0 7 1 1
506 7 0 0 7 0 0 0 0 0
509 2 0 0 1 0 0 0 0 0
560 2 1 1 0 0 0 0 0 0
561 3 1 1 1 0 0 0 0 0
598 3 1 1 1 0 0 0 0 0
599 2 0 0 0 0 0 0 0 0
602 1 0 0 1 0 0 0 0 0
613 5 0 0 0 0 0 1 0 0
618 8 1 1 1 0 0 1 0 0
619 4 1 1 2 0 0 0 0 0
623 1 0 0 0 0 0 1 0 0
625 1 0 0 0 0 0 1 0 0
626 1 0 0 1 0 0 0 0 0
627 2 0 0 0 0 0 0 0 0
634 3 0 0 1 0 0 0 0 0
637 3 0 0 1 0 0 0 0 0
640 8 0 0 7 0 0 0 0 0
fn=openaux
61 33 0 0 0 0 0 11 0 0
64 121 1 1 44 0 0 22 0 0
65 11 0 0 11 0 0 0 0 0
68 11 0 0 11 0 0 0 0 0
69 22 0 0 22 0 0 0 0 0
fl=./elf/./elf/dl-environ.c
fn=_dl_next_ld_env_entry
28 3 1 1 0 0 0 0 0 0
29 3 0 0 3 0 0 0 0 0
32 82 0 0 27 0 0 0 0 0
34 52 0 0 26 0 0 0 0 0
35 12 1 1 6 0 0 0 0 0
37 2 0 0 0 0 0 0 0 0
40 4 0 0 0 0 0 2 0 0
42 2 0 0 2 0 0 0 0 0
45 24 0 0 0 0 0 0 0 0
49 1 0 0 1 0 0 0 0 0
fl=./elf/./elf/dl-error-skeleton.c
fn=_dl_catch_error
225 10 1 1 0 0 0 3 0 0
227 2 0 0 0 0 0 1 0 0
228 2 0 0 1 0 0 1 0 0
229 2 0 0 1 0 0 1 0 0
230 2 1 1 1 0 0 1 0 0
232 5 0 0 4 0 0 0 0 0
fn=_dl_catch_exception
175 72 2 2 0 0 0 48 3 3
178 24 0 0 0 0 0 0 0 0
180 24 0 0 12 0 0 12 0 0
199 12 0 0 0 0 0 12 0 0
200 24 0 0 0 0 0 12 0 0
203 24 0 0 0 0 0 12 0 0
206 84 0 0 0 0 0 12 0 0
208 36 1 1 24 0 0 12 0 0
209 24 0 0 12 0 0 12 0 0
210 48 0 0 12 0 0 24 0 0
219 48 0 0 24 0 0 0 0 0
fn=_dl_receive_error
238 6 0 0 0 0 0 2 0 0
239 1 0 0 1 0 0 0 0 0
240 1 0 0 1 0 0 0 0 0
243 1 1 1 0 0 0 1 0 0
244 1 0 0 0 0 0 1 0 0
246 1 0 0 0 0 0 1 0 0
248 1 0 0 0 0 0 1 0 0
249 1 0 0 0 0 0 1 0 0
250 4 0 0 3 0 0 0 0 0
fl=./elf/./elf/dl-find_object.c
fn=_dl_find_object_init
561 4 1 1 0 0 0 2 0 0
564 1 1 1 1 1 0 0 0 0
566 2 0 0 1 0 0 0 0 0
567 3 1 1 0 0 0 1 0 0
579 2 0 0 0 0 0 1 0 0
580 3 0 0 1 0 0 1 0 0
582 2 1 1 0 0 0 0 0 0
585 2 1 1 0 0 0 0 0 0
590 1 0 0 0 0 0 1 0 0
591 1 0 0 0 0 0 1 0 0
594 3 0 0 1 0 0 0 0 0
596 2 1 1 0 0 0 1 0 0
599 6 0 0 3 0 0 1 0 0
601 1 0 0 0 0 0 0 0 0
604 4 0 0 3 0 0 0 0 0
fn=_dlfo_process_initial
474 4 0 0 0 0 0 2 0 0
475 2 0 0 2 0 0 0 0 0
477 2 0 0 0 0 0 0 0 0
478 4 0 0 2 0 0 0 0 0
504 24 2 2 4 1 0 0 0 0
505 34 0 0 2 0 0 0 0 0
506 14 0 0 14 1 0 0 0 0
508 52 1 1 12 0 0 0 0 0
511 48 0 0 12 0 0 0 0 0
513 36 1 1 12 1 0 0 0 0
515 12 0 0 0 0 0 6 0 0
516 12 0 0 0 0 0 0 0 0
517 24 0 0 0 0 0 0 0 0
529 2 0 0 0 0 0 2 0 0
531 8 0 0 4 0 0 0 0 0
fn=_dlfo_sort_mappings
536 1 1 1 0 0 0 0 0 0
537 2 0 0 0 0 0 0 0 0
540 24 0 0 5 0 0 0 0 0
544 10 0 0 5 0 0 0 0 0
545 70 0 0 0 0 0 0 0 0
546 85 1 1 15 0 0 0 0 0
553 20 0 0 10 0 0 0 0 0
554 25 0 0 10 0 0 10 0 0
555 10 0 0 0 0 0 10 0 0
557 1 0 0 1 0 0 0 0 0
fl=./elf/./elf/dl-fini.c
fn=_dl_fini
31 9 1 1 0 0 0 6 0 0
48 7 1 1 0 0 0 1 0 0
51 7 0 0 1 1 1 0 0 0
54 2 0 0 1 1 1 1 0 0
56 1 0 0 1 1 1 0 0 0
59 2 0 0 0 0 0 0 0 0
61 6 1 1 3 0 0 0 0 0
66 1 0 0 0 0 0 1 0 0
68 3 0 0 0 0 0 1 0 0
73 17 2 2 1 0 0 0 0 0
78 25 1 1 8 2 2 0 0 0
80 14 0 0 7 0 0 0 0 0
82 14 0 0 0 0 0 0 0 0
84 14 0 0 0 0 0 7 0 0
85 7 0 0 0 0 0 7 5 5
86 7 0 0 0 0 0 0 0 0
90 7 0 0 7 0 0 0 0 0
92 6 1 1 0 0 0 0 0 0
93 6 0 0 0 0 0 0 0 0
99 5 0 0 0 0 0 2 0 0
108 2 1 1 1 1 1 1 0 0
113 27 0 0 8 0 0 1 0 0
115 7 0 0 7 0 0 0 0 0
117 21 0 0 7 0 0 0 0 0
120 14 0 0 0 0 0 7 0 0
123 21 1 1 7 6 6 0 0 0
124 9 0 0 3 3 3 0 0 0
127 10 0 0 5 0 0 0 0 0
138 16 0 0 8 4 4 4 0 0
139 4 0 0 4 2 2 0 0 0
140 8 0 0 4 0 0 0 0 0
141 40 1 1 8 0 0 0 0 0
142 8 0 0 4 4 4 8 0 0
146 12 0 0 4 3 3 0 0 0
147 15 0 0 10 4 4 5 0 0
153 14 0 0 0 0 0 7 0 0
158 7 1 1 7 0 0 0 0 0
162 5 0 0 1 0 0 1 0 0
168 6 1 1 2 0 0 0 0 0
174 2 0 0 1 0 0 0 0 0
181 8 0 0 7 0 0 0 0 0
fl=./elf/./elf/dl-hwcaps.c
fn=_dl_important_hwcaps
55 16 2 2 0 0 0 4 0 0
57 2 0 0 0 0 0 0 0 0
58 6 0 0 2 0 0 0 0 0
59 2 0 0 0 0 0 0 0 0
80 16 2 2 0 0 0 4 0 0
82 2 0 0 0 0 0 2 1 1
83 16 0 0 4 0 0 8 1 1
87 2 0 0 0 0 0 2 0 0
89 6 0 0 2 0 0 2 0 0
90 2 0 0 0 0 0 0 0 0
91 2 0 0 0 0 0 0 0 0
103 6 0 0 0 0 0 4 0 0
105 2 1 1 0 0 0 0 0 0
108 3 0 0 2 0 0 1 0 0
111 1 0 0 0 0 0 0 0 0
115 4 1 1 0 0 0 1 0 0
128 12 1 1 0 0 0 3 0 0
130 12 1 1 5 0 0 3 0 0
131 8 0 0 2 0 0 2 0 0
132 2 0 0 0 0 0 0 0 0
133 2 0 0 0 0 0 0 0 0
136 2 0 0 1 0 0 0 0 0
145 15 1 1 6 0 0 2 0 0
146 4 0 0 0 0 0 0 0 0
154 2 0 0 2 0 0 0 0 0
158 7 1 1 2 0 0 1 0 0
159 2 0 0 0 0 0 0 0 0
160 3 0 0 0 0 0 0 0 0
164 1 0 0 1 0 0 0 0 0
165 3 0 0 1 0 0 1 0 0
166 2 0 0 0 0 0 2 0 0
175 14 2 2 0 0 0 10 1 1
176 7 0 0 1 0 0 2 1 1
178 2 0 0 1 0 0 1 0 0
179 4 0 0 1 0 0 1 0 0
204 2 0 0 0 0 0 2 0 0
205 3 1 1 0 0 0 0 0 0
215 3 0 0 1 0 0 1 0 0
216 6 1 1 2 0 0 1 0 0
220 19 0 0 3 0 0 0 0 0
221 6 0 0 0 0 0 0 0 0
222 4 0 0 0 0 0 0 0 0
225 3 0 0 0 0 0 1 0 0
228 21 3 3 1 0 0 3 0 0
230 9 1 1 2 0 0 0 0 0
231 4 1 1 2 0 0 2 1 1
233 6 0 0 0 0 0 3 0 0
234 2 0 0 0 0 0 2 0 0
235 6 0 0 0 0 0 0 0 0
236 2 0 0 1 0 0 0 0 0
238 3 0 0 1 0 0 0 0 0
240 4 0 0 0 0 0 1 0 0
241 2 1 1 1 0 0 1 0 0
242 1 0 0 0 0 0 0 0 0
245 5 0 0 1 0 0 1 0 0
246 1 0 0 0 0 0 1 0 0
249 2 0 0 1 0 0 0 0 0
252 3 0 0 1 0 0 0 0 0
253 5 1 1 3 0 0 1 0 0
256 8 0 0 6 0 0 1 0 0
257 3 0 0 1 0 0 0 0 0
259 2 1 1 0 0 0 0 0 0
260 8 2 2 1 0 0 0 0 0
261 4 1 1 2 0 0 0 0 0
262 4 1 1 1 0 0 1 0 0
272 4 0 0 1 0 0 0 0 0
276 10 1 1 3 0 0 3 1 1
282 2 0 0 0 0 0 0 0 0
283 2 0 0 0 0 0 0 0 0
291 3 0 0 1 0 0 0 0 0
304 2 0 0 1 0 0 0 0 0
306 1 0 0 0 0 0 1 0 0
315 2 0 0 1 0 0 1 0 0
328 1 1 1 0 0 0 1 0 0
331 2 0 0 1 0 0 0 0 0
338 1 0 0 1 0 0 0 0 0
341 2 0 0 0 0 0 0 0 0
344 14 1 1 7 0 0 5 0 0
347 17 0 0 4 0 0 2 0 0
348 17 2 2 1 0 0 1 0 0
349 5 0 0 2 0 0 2 0 0
352 12 0 0 4 0 0 4 0 0
354 5 1 1 1 0 0 0 0 0
359 34 1 1 3 0 0 0 0 0
360 8 0 0 0 0 0 8 1 1
364 23 0 0 1 0 0 0 0 0
367 48 0 0 0 0 0 0 0 0
368 72 0 0 0 0 0 0 0 0
369 48 1 1 24 0 0 12 0 0
371 9 0 0 0 0 0 0 0 0
374 3 0 0 1 0 0 0 0 0
375 2 1 1 0 0 0 0 0 0
376 15 0 0 2 0 0 1 0 0
378 6 0 0 0 0 0 0 0 0
379 2 0 0 2 0 0 0 0 0
381 1 1 1 1 0 0 0 0 0
382 7 1 1 0 0 0 2 0 0
389 22 0 0 6 0 0 5 0 0
390 4 0 0 0 0 0 0 0 0
392 8 0 0 0 0 0 0 0 0
395 4 0 0 2 0 0 0 0 0
401 9 0 0 8 0 0 0 0 0
fl=./elf/./elf/dl-hwcaps_split.c
fn=_dl_hwcaps_contains
66 6 1 1 0 0 0 0 0 0
67 12 0 0 0 0 0 0 0 0
68 6 0 0 0 0 0 0 0 0
77 6 0 0 6 0 0 0 0 0
fn=_dl_hwcaps_split
25 4 1 1 0 0 0 2 0 0
26 3 0 0 1 0 0 0 0 0
27 1 0 0 0 0 0 0 0 0
47 4 1 1 3 0 0 0 0 0
fn=_dl_hwcaps_split_masked
26 42 0 0 14 0 0 0 0 0
30 24 0 0 12 0 0 12 0 0
34 72 1 1 18 1 1 0 0 0
35 12 0 0 0 0 0 6 0 0
36 24 0 0 0 0 0 0 0 0
41 27 0 0 0 0 0 9 1 1
42 18 0 0 0 0 0 0 0 0
43 9 0 0 0 0 0 3 0 0
45 6 0 0 0 0 0 0 0 0
51 55 1 1 0 0 0 22 0 0
55 5 1 1 0 0 0 0 0 0
56 18 0 0 9 0 0 9 0 0
57 27 0 0 0 0 0 9 0 0
58 54 0 0 6 0 0 6 0 0
62 44 0 0 33 0 0 0 0 0
fl=./elf/./elf/dl-init.c
fn=_dl_init
31 48 2 2 16 0 0 0 0 0
33 44 0 0 8 0 0 7 0 0
77 12 1 1 0 0 0 6 0 0
78 1 0 0 1 1 0 0 0 0
79 1 0 0 1 0 0 0 0 0
82 3 1 1 1 0 0 0 0 0
85 2 1 1 0 0 0 1 0 0
90 2 0 0 0 0 0 0 0 0
115 1 0 0 1 0 0 0 0 0
116 26 0 0 0 0 0 0 0 0
117 14 0 0 14 0 0 0 0 0
123 8 1 1 7 0 0 0 0 0
fn=call_init.part.0
26 63 1 1 0 0 0 35 0 0
39 21 1 1 7 0 0 7 0 0
42 21 0 0 14 5 0 0 0 0
43 2 0 0 0 0 0 0 0 0
47 12 0 0 6 0 0 0 0 0
55 18 0 0 6 5 0 0 0 0
56 24 0 0 8 4 0 4 1 0
59 6 1 1 6 5 0 0 0 0
60 12 0 0 0 0 0 0 0 0
66 12 0 0 8 3 0 0 0 0
68 8 0 0 8 0 0 0 0 0
69 100 0 0 0 0 0 0 0 0
70 80 0 0 20 5 0 20 0 0
72 42 1 1 42 0 0 0 0 0
fl=./elf/./elf/dl-load.c
fn=_dl_dst_count
238 66 1 1 0 0 0 55 1 1
241 22 0 0 0 0 0 11 0 0
244 22 0 0 0 0 0 0 0 0
245 11 1 1 0 0 0 0 0 0
264 77 0 0 66 0 0 0 0 0
fn=_dl_init_paths
706 13 1 1 0 0 0 8 0 0
720 4 1 1 0 0 0 2 1 1
725 1 0 0 0 0 0 1 0 0
727 2 0 0 0 0 0 0 0 0
734 5 0 0 0 0 0 0 0 0
735 2 1 1 1 0 0 0 0 0
739 4 0 0 0 0 0 1 1 1
741 4 0 0 2 0 0 0 0 0
747 1 0 0 0 0 0 1 0 0
748 1 1 1 0 0 0 1 0 0
756 8 0 0 0 0 0 4 0 0
758 8 0 0 0 0 0 4 1 1
759 4 0 0 0 0 0 4 1 1
761 5 0 0 0 0 0 4 0 0
762 7 0 0 3 1 1 4 1 1
763 7 1 1 0 0 0 0 0 0
766 9 0 0 3 1 1 0 0 0
767 10 0 0 5 0 0 1 0 0
768 18 0 0 0 0 0 4 0 0
770 26 3 3 6 0 0 6 0 0
776 1 0 0 0 0 0 1 0 0
777 1 0 0 0 0 0 1 0 0
782 1 0 0 1 0 0 0 0 0
785 3 0 0 0 0 0 0 0 0
787 4 0 0 1 0 0 0 0 0
789 3 1 1 1 0 0 0 0 0
806 1 0 0 0 0 0 1 0 0
808 3 2 2 1 0 0 0 0 0
822 2 1 1 0 0 0 1 0 0
825 5 1 1 2 0 0 0 0 0
827 23 1 1 2 0 0 2 0 0
831 2 0 0 0 0 0 0 0 0
832 60 1 1 15 0 0 0 0 0
833 14 0 0 0 0 0 0 0 0
834 28 0 0 0 0 0 0 0 0
836 1 0 0 0 0 0 1 0 0
837 1 0 0 0 0 0 0 0 0
838 2 1 1 0 0 0 0 0 0
844 6 0 0 1 0 0 1 0 0
847 3 0 0 2 0 0 0 0 0
853 1 0 0 0 0 0 1 0 0
857 8 0 0 7 0 0 0 0 0
fn=_dl_map_object
682 39 1 1 13 0 0 0 0 0
685 4 0 0 0 0 0 0 0 0
688 6 2 2 2 0 0 0 0 0
691 2 1 1 0 0 0 2 0 0
692 2 0 0 0 0 0 0 0 0
696 20 0 0 4 0 0 8 0 0
2022 120 1 1 0 0 0 96 3 3
2024 5 0 0 0 0 0 5 1 1
2030 24 0 0 0 0 0 0 0 0
2031 48 1 1 12 1 1 0 0 0
2034 222 0 0 54 0 0 0 0 0
2039 343 1 1 98 0 0 0 0 0
2041 245 0 0 0 0 0 49 1 1
2045 84 0 0 42 0 0 0 0 0
2046 126 0 0 42 0 0 0 0 0
2049 110 0 0 66 0 0 0 0 0
2050 66 1 1 22 0 0 0 0 0
2051 88 0 0 0 0 0 22 0 0
2068 35 2 2 10 0 0 5 0 0
2069 15 0 0 0 0 0 5 0 0
2077 15 0 0 5 0 0 0 0 0
2092 5 0 0 0 0 0 5 1 1
2094 25 0 0 0 0 0 5 0 0
2098 16 1 1 0 0 0 8 0 0
2100 8 0 0 4 0 0 0 0 0
2107 16 0 0 4 0 0 0 0 0
2111 8 1 1 4 0 0 4 0 0
2112 4 1 1 0 0 0 0 0 0
2116 15 0 0 5 0 0 0 0 0
2117 5 0 0 0 0 0 0 0 0
2131 20 1 1 8 0 0 0 0 0
2132 40 1 1 8 0 0 4 0 0
2133 4 0 0 0 0 0 0 0 0
2142 8 1 1 0 0 0 0 0 0
2157 12 1 1 4 0 0 0 0 0
2158 56 1 1 4 0 0 16 0 0
2164 20 1 1 4 0 0 0 0 0
2165 4 0 0 0 0 0 0 0 0
2173 4 1 1 0 0 0 4 0 0
2187 8 0 0 0 0 0 0 0 0
2189 12 0 0 4 0 0 0 0 0
2193 12 1 1 0 0 0 4 0 0
2195 8 0 0 0 0 0 0 0 0
2199 8 0 0 0 0 0 0 0 0
2207 12 0 0 4 0 0 0 0 0
2230 28 1 1 0 0 0 8 0 0
2234 12 0 0 4 0 0 0 0 0
2235 8 0 0 0 0 0 4 0 0
2252 8 1 1 4 0 0 0 0 0
2258 1 0 0 0 0 0 1 0 0
2259 4 1 1 0 0 0 1 0 0
2260 2 0 0 0 0 0 0 0 0
2261 3 0 0 0 0 0 0 0 0
2265 6 0 0 0 0 0 2 0 0
2268 3 1 1 1 0 0 0 0 0
2280 20 0 0 5 0 0 0 0 0
2282 16 1 1 0 0 0 0 0 0
2326 10 0 0 5 0 0 5 0 0
2327 75 1 1 15 0 0 25 0 0
2329 108 0 0 84 0 0 0 0 0
fn=_dl_map_object_from_fd
944 70 1 1 0 0 0 55 2 2
954 15 0 0 5 0 0 10 1 1
961 20 0 0 5 0 0 5 0 0
999 95 0 0 30 0 0 0 0 0
1000 40 0 0 20 0 0 0 0 0
1018 10 1 1 5 0 0 0 0 0
1046 20 1 1 5 0 0 5 0 0
1056 10 0 0 5 0 0 0 0 0
1063 40 1 1 25 0 0 5 0 0
1064 10 0 0 0 0 0 0 0 0
1075 15 0 0 10 0 0 5 3 3
1076 20 0 0 10 0 0 10 0 0
1077 10 1 1 5 0 0 5 0 0
1079 15 0 0 0 0 0 0 0 0
1080 20 0 0 10 0 0 0 0 0
1081 8 0 0 0 0 0 4 0 0
1084 17 3 3 1 0 0 1 0 0
1085 6 0 0 1 0 0 1 1 1
1096 10 0 0 0 0 0 5 0 0
1098 5 0 0 0 0 0 5 0 0
1100 110 2 2 10 0 0 5 0 0
1101 5 0 0 0 0 0 0 0 0
1102 5 0 0 0 0 0 5 0 0
1103 5 1 1 0 0 0 5 0 0
1104 5 0 0 0 0 0 0 0 0
1110 202 1 1 5 0 0 0 0 0
1111 504 2 2 59 1 1 0 0 0
1117 10 1 1 5 0 0 0 0 0
1124 12 0 0 7 0 0 5 0 0
1125 15 0 0 5 0 0 5 0 0
1126 50 1 1 10 0 0 5 0 0
1131 2 0 0 1 1 1 1 0 0
1132 1 0 0 0 0 0 0 0 0
1137 135 0 0 45 0 0 5 0 0
1145 40 0 0 0 0 0 0 0 0
1146 150 0 0 0 0 0 25 3 3
1147 60 1 1 20 0 0 0 0 0
1148 60 0 0 0 0 0 20 0 0
1149 40 1 1 20 0 0 20 4 4
1151 140 0 0 20 0 0 0 0 0
1153 40 0 0 20 0 0 20 3 3
1157 40 0 0 0 0 0 0 0 0
1158 75 0 0 30 0 0 15 0 0
1162 40 1 1 0 0 0 0 0 0
1163 160 0 0 20 0 0 20 0 0
1173 20 0 0 0 0 0 0 0 0
1176 6 0 0 2 0 0 0 0 0
1180 8 0 0 0 0 0 2 2 2
1181 2 0 0 2 0 0 0 0 0
1185 10 1 1 0 0 0 2 0 0
1186 4 0 0 2 0 0 2 0 0
1189 2 0 0 0 0 0 2 1 1
1194 8 0 0 2 0 0 0 0 0
1195 10 0 0 5 0 0 5 0 0
1201 25 1 1 5 0 0 5 0 0
1209 10 1 1 5 0 0 5 0 0
1210 5 0 0 0 0 0 0 0 0
1213 20 0 0 10 0 0 5 2 2
1218 15 0 0 0 0 0 0 0 0
1228 90 0 0 0 0 0 0 0 0
1229 40 0 0 0 0 0 20 0 0
1235 10 1 1 0 0 0 0 0 0
1245 20 0 0 10 0 0 0 0 0
1252 35 1 1 15 0 0 5 0 0
1268 20 2 2 10 0 0 0 0 0
1269 15 0 0 5 0 0 5 0 0
1275 18 2 2 4 0 0 0 0 0
1276 10 0 0 0 0 0 0 0 0
1278 10 1 1 0 0 0 0 0 0
1288 15 0 0 5 0 0 0 0 0
1307 15 0 0 5 0 0 5 0 0
1309 25 1 1 10 0 0 0 0 0
1361 15 0 0 5 3 3 0 0 0
1362 4 0 0 2 0 0 2 0 0
1368 183 1 1 74 0 0 15 0 0
1369 275 0 0 59 49 49 0 0 0
1375 79 1 1 5 0 0 5 0 0
1380 20 1 1 5 0 0 5 0 0
1393 10 0 0 5 0 0 0 0 0
1395 20 0 0 10 0 0 5 0 0
1397 10 1 1 5 0 0 0 0 0
1413 10 0 0 0 0 0 5 0 0
1417 10 0 0 5 0 0 0 0 0
1418 10 0 0 5 0 0 0 0 0
1435 10 0 0 5 0 0 0 0 0
1436 1 0 0 0 0 0 1 0 0
1439 10 1 1 5 0 0 5 0 0
1444 10 0 0 5 0 0 0 0 0
1454 10 0 0 5 0 0 0 0 0
1461 30 0 0 10 0 0 0 0 0
1462 12 1 1 4 0 0 0 0 0
1463 27 0 0 9 0 0 3 0 0
1464 9 0 0 3 0 0 0 0 0
1465 5 0 0 1 0 0 1 0 0
1471 10 1 1 5 0 0 0 0 0
1472 8 0 0 2 0 0 0 0 0
1477 4 0 0 0 0 0 2 0 0
1484 15 0 0 5 0 0 5 0 0
1487 20 0 0 10 0 0 0 0 0
1506 25 2 2 10 0 0 0 0 0
1510 35 1 1 15 0 0 0 0 0
1511 20 0 0 5 0 0 5 0 0
1515 45 1 1 35 0 0 0 0 0
fn=_dl_process_pt_gnu_property
868 12 1 1 0 0 0 0 0 0
869 12 1 1 12 0 0 0 0 0
870 6 0 0 6 0 0 0 0 0
876 12 0 0 6 0 0 0 0 0
882 30 0 0 0 0 0 0 0 0
885 18 0 0 6 5 5 0 0 0
886 12 0 0 6 1 1 0 0 0
887 12 1 1 6 0 0 0 0 0
930 6 0 0 6 0 0 0 0 0
fn=expand_dynamic_string_token
241 6 1 1 0 0 0 2 1 1
244 4 0 0 0 0 0 0 0 0
385 18 1 1 0 0 0 12 0 0
399 4 0 0 0 0 0 0 0 0
410 14 0 0 12 0 0 0 0 0
fn=fillin_rpath.isra.0
468 15 2 2 0 0 0 11 0 0
472 1 0 0 0 0 0 0 0 0
474 12 0 0 2 0 0 2 0 0
481 2 0 0 1 0 0 0 0 0
483 4 0 0 1 0 0 1 0 0
487 2 0 0 0 0 0 0 0 0
492 3 1 1 0 0 0 1 0 0
493 2 0 0 0 0 0 0 0 0
500 5 0 0 1 0 0 0 0 0
505 4 1 1 0 0 0 2 0 0
509 15 1 1 5 0 0 0 0 0
510 8 0 0 4 0 0 0 0 0
528 6 2 2 1 0 0 1 0 0
532 3 1 1 2 0 0 0 0 0
534 2 0 0 0 0 0 0 0 0
538 1 0 0 0 0 0 1 0 0
539 2 0 0 1 0 0 0 0 0
540 4 0 0 0 0 0 2 0 0
541 1 0 0 0 0 0 1 0 0
543 2 1 1 1 0 0 0 0 0
549 4 0 0 1 0 0 0 0 0
550 28 2 2 1 0 0 0 0 0
551 9 0 0 0 0 0 4 0 0
553 2 0 0 1 0 0 1 0 0
554 3 0 0 1 0 0 0 0 0
555 1 0 0 0 0 0 1 0 0
561 2 0 0 1 0 0 1 0 0
562 2 0 0 0 0 0 1 0 0
565 2 1 1 0 0 0 1 0 0
571 1 0 0 0 0 0 1 0 0
574 8 0 0 7 0 0 0 0 0
fn=open_path
1870 56 2 2 4 0 0 44 2 2
1871 8 0 0 4 0 0 4 0 0
1874 4 0 0 0 0 0 4 0 0
1875 8 1 1 0 0 0 8 0 0
1877 8 0 0 0 0 0 0 0 0
1882 84 2 2 12 1 1 0 0 0
1885 8 0 0 8 0 0 0 0 0
1889 4 0 0 0 0 0 4 0 0
1894 24 1 1 4 0 0 4 0 0
1901 20 0 0 8 0 0 4 1 1
1902 225 2 2 17 0 0 0 0 0
1905 80 0 0 40 0 0 0 0 0
1910 156 1 1 65 0 0 26 0 0
1913 26 0 0 0 0 0 13 0 0
1919 39 0 0 13 0 0 0 0 0
1922 91 1 1 39 0 0 13 0 0
1924 39 0 0 13 0 0 0 0 0
1926 20 0 0 0 0 0 0 0 0
1931 20 1 1 0 0 0 0 0 0
1932 70 0 0 30 0 0 0 0 0
1938 30 1 1 20 0 0 10 0 0
1940 60 0 0 10 0 0 10 0 0
1941 2 0 0 1 1 1 0 0 0
1943 38 1 1 1 0 0 11 0 0
1950 12 0 0 3 0 0 0 0 0
1952 6 0 0 0 0 0 0 0 0
1960 20 0 0 0 0 0 4 0 0
1988 4 0 0 0 0 0 0 0 0
1991 32 2 2 8 0 0 0 0 0
1996 8 0 0 8 0 0 0 0 0
1998 16 0 0 12 0 0 0 0 0
2001 12 0 0 4 0 0 0 0 0
2015 36 0 0 28 0 0 0 0 0
fn=open_verify.constprop.0
1568 187 1 1 0 0 0 102 1 1
1607 51 0 0 17 0 0 0 0 0
1612 26 1 1 0 0 0 0 0 0
1626 85 0 0 0 0 0 17 0 0
1628 34 1 1 0 0 0 0 0 0
1633 4 0 0 0 0 0 0 0 0
1639 4 0 0 0 0 0 4 0 0
1640 4 0 0 0 0 0 4 1 1
1645 40 0 0 4 0 0 8 0 0
1647 8 1 1 0 0 0 0 0 0
1649 8 0 0 4 0 0 4 0 0
1651 8 0 0 0 0 0 0 0 0
1657 8 0 0 0 0 0 0 0 0
1674 65 3 3 23 0 0 0 0 0
1748 8 1 1 4 0 0 0 0 0
1753 8 0 0 4 0 0 0 0 0
1755 16 0 0 4 0 0 0 0 0
1761 8 0 0 4 1 1 0 0 0
1767 20 1 1 4 0 0 0 0 0
1768 16 0 0 4 0 0 0 0 0
1769 6 0 0 3 0 0 0 0 0
1772 16 3 3 1 0 0 0 0 0
1773 9 1 1 1 0 0 2 0 0
1789 243 0 0 1 0 0 0 0 0
1790 102 0 0 47 11 11 0 0 0
1791 32 1 1 8 0 0 0 0 0
1795 32 0 0 16 0 0 0 0 0
1796 18 0 0 6 0 0 0 0 0
1801 4 0 0 0 0 0 0 0 0
1802 32 1 1 2 0 0 0 0 0
1812 28 1 1 6 0 0 8 0 0
1820 72 2 2 20 2 2 0 0 0
1822 8 0 0 0 0 0 0 0 0
1823 72 2 2 24 0 0 0 0 0
1826 24 0 0 0 0 0 0 0 0
1831 2 0 0 0 0 0 0 0 0
1832 16 0 0 6 0 0 0 0 0
1835 4 0 0 0 0 0 0 0 0
1838 6 0 0 2 0 0 0 0 0
1839 10 0 0 2 0 0 0 0 0
1840 4 0 0 2 0 0 0 0 0
1841 6 0 0 2 0 0 0 0 0
1842 6 0 0 2 0 0 0 0 0
1856 153 1 1 119 0 0 0 0 0
fn=open_verify.constprop.1
1568 11 1 1 0 0 0 6 0 0
1607 3 1 1 1 0 0 0 0 0
1626 5 0 0 0 0 0 1 0 0
1628 2 0 0 0 0 0 0 0 0
1633 1 0 0 0 0 0 0 0 0
1639 1 0 0 0 0 0 1 0 0
1640 1 0 0 0 0 0 1 0 0
1645 10 1 1 1 0 0 2 0 0
1647 2 0 0 0 0 0 0 0 0
1649 2 0 0 1 0 0 1 0 0
1651 2 0 0 0 0 0 0 0 0
1657 2 0 0 0 0 0 0 0 0
1674 14 2 2 5 1 1 0 0 0
1748 2 0 0 1 0 0 0 0 0
1753 2 0 0 1 0 0 0 0 0
1755 4 1 1 1 0 0 0 0 0
1761 2 0 0 1 0 0 0 0 0
1767 5 0 0 1 0 0 0 0 0
1768 4 0 0 1 0 0 0 0 0
1769 2 0 0 1 0 0 0 0 0
1789 70 1 1 0 0 0 0 0 0
1790 28 1 1 13 8 8 0 0 0
1791 8 0 0 2 1 1 0 0 0
1795 8 0 0 4 0 0 0 0 0
1796 6 1 1 2 0 0 0 0 0
1820 15 1 1 4 2 2 0 0 0
1822 2 0 0 0 0 0 0 0 0
1823 18 1 1 6 0 0 0 0 0
1826 6 0 0 0 0 0 0 0 0
1832 4 1 1 2 0 0 0 0 0
1856 9 0 0 7 0 0 0 0 0
fl=./elf/./elf/dl-lookup-direct.c
fn=_dl_lookup_direct
32 15 1 1 9 0 0 0 0 0
33 9 0 0 0 0 0 0 0 0
35 6 0 0 3 3 3 0 0 0
36 6 0 0 3 0 0 0 0 0
48 12 0 0 3 0 0 6 0 0
51 6 1 1 6 0 0 0 0 0
53 18 0 0 3 0 0 3 0 0
57 9 0 0 9 2 1 0 0 0
58 21 1 1 9 0 0 0 0 0
59 15 0 0 6 0 0 3 0 0
74 36 2 2 0 0 0 24 0 0
76 6 0 0 3 0 0 0 0 0
78 21 0 0 9 3 0 0 0 0
79 6 1 1 0 0 0 0 0 0
81 12 0 0 3 0 0 3 0 0
84 25 0 0 5 4 3 0 0 0
86 9 0 0 3 0 0 0 0 0
93 6 1 1 0 0 0 0 0 0
115 3 0 0 0 0 0 0 0 0
116 27 0 0 21 0 0 0 0 0
fl=./elf/./elf/dl-lookup.c
fn=_dl_lookup_symbol_x
204 13218 0 0 4406 0 0 4406 0 0
580 4406 0 0 0 0 0 0 0 0
581 386440 0 0 96610 1900 1657 0 0 0
582 377628 1 1 0 0 0 0 0 0
583 2203 0 0 0 0 0 0 0 0
840 30842 3 3 0 0 0 22030 12 3
842 4406 0 0 0 0 0 2203 1 0
843 4406 0 0 0 0 0 2203 0 0
846 2203 0 0 2203 6 3 0 0 0
850 17570 1 1 6591 0 0 2203 5 2
852 13218 1 1 2203 0 0 2203 0 0
853 4406 0 0 2203 0 0 0 0 0
855 4406 0 0 4406 4 0 0 0 0
859 4481 0 0 15 0 0 0 0 0
860 37451 1 1 13218 0 0 15421 6 3
865 6609 0 0 2203 0 0 0 0 0
867 90 1 1 15 0 0 0 0 0
884 2203 2 2 0 0 0 2203 0 0
885 45 1 1 0 0 0 0 0 0
888 4406 0 0 2203 0 0 0 0 0
889 15300 0 0 2184 0 0 0 0 0
896 2188 1 1 2188 0 0 0 0 0
929 8752 0 0 2188 0 0 0 0 0
943 6564 0 0 2188 20 6 0 0 0
944 2 1 1 0 0 0 1 0 0
946 6564 0 0 2188 0 0 0 0 0
953 19827 0 0 15421 0 0 0 0 0
1008 4376 0 0 2188 0 0 0 0 0
fn=check_match
70 28548 1 1 4392 0 0 10980 1 1
73 15372 2 2 4392 309 219 0 0 0
78 2187 1 1 0 0 0 0 0 0
86 10955 0 0 0 0 0 0 0 0
89 4898 0 0 172 0 0 86 4 3
93 2191 0 0 2191 13 5 0 0 0
94 4382 0 0 0 0 0 0 0 0
96 4376 1 1 0 0 0 0 0 0
115 4376 0 0 4376 65 20 0 0 0
116 17504 0 0 6564 25 3 0 0 0
117 10925 2 2 4370 10 1 2185 5 3
118 6 0 0 3 0 0 0 0 0
119 6 0 0 0 0 0 0 0 0
144 6 0 0 0 0 0 0 0 0
146 18 0 0 6 3 1 0 0 0
147 12 0 0 0 0 0 0 0 0
150 2 0 0 0 0 0 0 0 0
151 7 0 0 3 0 0 1 0 0
153 3 0 0 1 0 0 1 0 0
155 14 0 0 0 0 0 0 0 0
162 13176 0 0 13176 0 0 0 0 0
fn=do_lookup_x
170 301 0 0 0 0 0 0 0 0
171 746 2 2 311 0 0 4 0 0
172 940 2 2 250 47 47 0 0 0
174 98 0 0 0 0 0 0 0 0
175 294 0 0 0 0 0 0 0 0
176 528 1 1 0 0 0 0 0 0
179 152 0 0 0 0 0 152 0 0
180 152 0 0 0 0 0 152 0 0
182 152 0 0 0 0 0 152 40 35
183 70 0 0 0 0 0 0 0 0
222 488 1 1 122 0 0 122 0 0
224 1342 1 1 244 2 0 488 0 0
226 366 0 0 122 2 1 122 0 0
227 122 0 0 122 0 0 0 0 0
228 366 0 0 122 0 0 0 0 0
230 2684 2 2 308 0 0 484 0 0
231 726 0 0 0 0 0 0 0 0
234 759 0 0 253 54 25 0 0 0
235 413 0 0 293 0 0 40 0 0
237 200 1 1 120 0 0 0 0 0
247 40 0 0 40 0 0 0 0 0
248 80 0 0 80 0 0 0 0 0
250 160 0 0 80 0 0 120 0 0
251 40 0 0 0 0 0 0 0 0
254 426 0 0 0 0 0 0 0 0
257 132 0 0 0 0 0 0 0 0
258 396 0 0 0 0 0 0 0 0
259 132 1 1 0 0 0 0 0 0
262 1134 0 0 405 0 0 0 0 0
269 10 1 1 0 0 0 4 0 0
272 4 0 0 0 0 0 0 0 0
279 286 1 1 2 0 0 0 0 0
280 276 0 0 92 4 1 0 0 0
281 350 1 1 210 3 0 0 0 0
285 16 0 0 6 0 0 4 0 0
286 2 0 0 0 0 0 2 0 0
288 2 0 0 0 0 0 2 0 0
289 6 1 1 4 0 0 2 0 0
305 3 1 1 0 0 0 1 0 0
313 2 0 0 1 0 0 0 0 0
315 2 0 0 0 0 0 0 0 0
318 1 0 0 0 0 0 1 0 0
319 1 1 1 0 0 0 1 0 0
320 2 0 0 1 0 0 1 0 0
323 574 0 0 246 0 0 0 0 0
324 492 1 1 164 0 0 0 0 0
331 328 0 0 82 0 0 0 0 0
342 410 1 1 164 0 0 0 0 0
347 164 0 0 164 1 0 82 0 0
349 328 0 0 164 0 0 82 0 0
363 28639 2 2 4406 0 0 19827 14 7
364 2203 0 0 2203 5 3 0 0 0
370 2203 0 0 2203 0 0 0 0 0
374 13850 1 1 13850 38 15 0 0 0
377 13850 0 0 0 0 0 0 0 0
381 27080 1 1 2209 0 0 6609 7 4
385 13846 0 0 6923 29 12 0 0 0
389 13846 1 1 6923 5 0 0 0 0
395 20769 1 1 6923 20 8 0 0 0
399 6923 0 0 0 0 0 6923 0 0
400 6923 0 0 0 0 0 6923 0 0
403 34615 0 0 20769 65 24 0 0 0
404 20769 1 1 13846 14 3 6923 0 0
407 6923 0 0 6923 0 0 0 0 0
408 13846 0 0 0 0 0 0 0 0
410 6923 0 0 6923 586 135 0 0 0
411 6609 0 0 0 0 0 2203 0 0
412 13846 0 0 13846 0 0 0 0 0
415 34615 0 0 13846 0 0 0 0 0
418 48461 0 0 0 0 0 0 0 0
421 4498 0 0 4498 876 204 0 0 0
422 8996 1 1 0 0 0 0 0 0
423 4498 0 0 0 0 0 0 0 0
425 26976 1 1 6744 0 0 11240 0 0
428 27675 1 1 5535 1503 479 0 0 0
430 6588 0 0 2196 0 0 0 0 0
431 30744 1 1 10980 0 0 13176 8 5
432 4392 0 0 0 0 0 0 0 0
435 6588 0 0 0 0 0 0 0 0
438 10062 0 0 9 0 0 0 0 0
452 17496 1 1 10935 0 0 0 0 0
469 123 1 1 62 0 0 0 0 0
471 2 0 0 0 0 0 0 0 0
477 4376 1 1 2188 0 0 0 0 0
528 4376 0 0 0 0 0 0 0 0
535 11372 0 0 2188 0 0 0 0 0
539 4416 2 2 1472 3 2 0 0 0
551 4132 0 0 2066 0 0 2066 0 0
552 2066 0 0 0 0 0 2066 0 0
553 4376 0 0 0 0 0 0 0 0
570 14211 0 0 0 0 0 0 0 0
573 15 0 0 0 0 0 0 0 0
574 17624 1 1 15421 0 0 0 0 0
fl=./elf/./elf/dl-minimal-malloc.c
fn=__minimal_calloc
78 85 2 2 0 0 0 0 0 0
82 17 0 0 0 0 0 0 0 0
85 17 0 0 0 0 0 0 0 0
86 51 0 0 0 0 0 0 0 0
fn=__minimal_free
95 8 0 0 0 0 0 0 0 0
97 32 2 1 16 0 0 0 0 0
fn=__minimal_malloc
35 210 1 1 0 0 0 84 1 1
36 126 0 0 42 4 1 0 0 0
41 3 0 0 0 0 0 1 0 0
42 2 1 1 1 0 0 0 0 0
43 2 0 0 0 0 0 0 0 0
47 168 1 1 42 0 0 42 0 0
50 282 0 0 0 0 0 0 0 0
55 12 1 1 3 0 0 0 0 0
56 12 0 0 0 0 0 0 0 0
58 3 0 0 0 0 0 0 0 0
59 24 0 0 0 0 0 3 0 0
61 6 0 0 0 0 0 0 0 0
63 6 0 0 3 0 0 0 0 0
65 8 0 0 0 0 0 3 0 0
68 43 0 0 1 0 0 42 4 1
69 46 0 0 0 0 0 42 0 0
71 168 0 0 126 0 0 0 0 0
fl=./elf/./elf/dl-minimal.c
fn=__rtld_malloc_init_real
76 8 1 1 0 0 0 5 0 0
86 2 0 0 0 0 0 1 0 0
87 1 0 0 0 0 0 1 0 0
89 1 0 0 0 0 0 1 0 0
91 6 0 0 0 0 0 1 0 0
92 5 1 1 0 0 0 1 0 0
93 5 0 0 0 0 0 1 0 0
94 4 0 0 0 0 0 1 0 0
99 1 0 0 0 0 0 1 0 0
100 1 0 0 0 0 0 1 0 0
101 1 1 1 0 0 0 1 0 0
102 1 0 0 0 0 0 1 0 0
103 7 0 0 6 0 0 0 0 0
fn=__rtld_malloc_init_stubs
42 1 1 1 0 0 0 0 0 0
43 2 0 0 0 0 0 1 1 1
44 2 0 0 0 0 0 1 0 0
45 2 1 1 0 0 0 1 0 0
46 2 0 0 0 0 0 1 0 0
47 1 0 0 1 0 0 0 0 0
fn=lookup_malloc_symbol
61 28 1 1 0 0 0 12 0 0
63 4 0 0 0 0 0 4 0 0
64 28 1 1 4 0 0 12 0 0
68 28 0 0 16 0 0 0 0 0
69 28 0 0 12 0 0 0 0 0
71 4 1 1 0 0 0 4 0 0
72 20 0 0 16 0 0 0 0 0
fn=strsep
239 2 1 1 0 0 0 0 0 0
242 4 0 0 2 1 1 0 0 0
244 2 0 0 2 0 0 0 0 0
245 4 0 0 0 0 0 0 0 0
249 77 1 1 15 0 0 0 0 0
254 56 0 0 28 0 0 0 0 0
256 84 0 0 28 1 1 0 0 0
264 14 0 0 0 0 0 0 0 0
267 1 0 0 0 0 0 1 0 0
271 4 0 0 2 0 0 0 0 0
fl=./elf/./elf/dl-misc.c
fn=_dl_higher_prime_number
87 2 1 1 0 0 0 0 0 0
124 2 0 0 0 0 0 0 0 0
125 2 0 0 0 0 0 0 0 0
127 26 1 1 0 0 0 0 0 0
129 80 0 0 0 0 0 0 0 0
130 37 0 0 10 4 2 0 0 0
131 6 0 0 0 0 0 0 0 0
145 2 0 0 2 0 0 0 0 0
146 2 0 0 2 0 0 0 0 0
fn=_dl_name_match_p
68 642 1 1 0 0 0 214 0 0
69 428 0 0 107 0 0 107 1 1
70 18 0 0 0 0 0 0 0 0
72 107 0 0 107 0 0 0 0 0
74 422 0 0 0 0 0 0 0 0
75 610 1 1 122 0 0 122 0 0
80 104 0 0 104 0 0 0 0 0
82 89 0 0 0 0 0 0 0 0
83 428 0 0 321 0 0 0 0 0
fn=_dl_sysdep_read_whole_file
36 9 1 1 0 0 0 4 0 0
39 3 0 0 0 0 0 1 0 0
40 2 0 0 0 0 0 0 0 0
42 6 1 1 0 0 0 1 0 0
44 2 0 0 1 0 0 1 1 1
47 2 0 0 0 0 0 0 0 0
49 8 0 0 0 0 0 1 0 0
60 3 0 0 0 0 0 1 0 0
63 7 0 0 5 0 0 0 0 0
fl=./elf/./elf/dl-object.c
fn=_dl_add_to_namespace_list
31 36 2 2 0 0 0 18 0 0
33 18 0 0 6 0 0 6 0 0
35 47 0 0 6 0 0 0 0 0
38 80 0 0 20 0 0 0 0 0
40 5 0 0 0 0 0 5 0 0
42 5 0 0 0 0 0 5 0 0
45 2 0 0 0 0 0 1 0 0
46 18 1 1 6 0 0 0 0 0
47 12 0 0 6 0 0 6 0 0
48 12 0 0 0 0 0 6 0 0
50 12 0 0 6 0 0 0 0 0
51 18 0 0 18 0 0 0 0 0
fn=_dl_new_object
59 84 1 1 0 0 0 48 2 2
62 12 1 1 0 0 0 0 0 0
64 2 2 2 0 0 0 0 0 0
66 3 0 0 1 0 0 0 0 0
67 2 1 1 0 0 0 0 0 0
71 2 0 0 0 0 0 0 0 0
77 5 0 0 0 0 0 1 0 0
80 10 0 0 5 0 0 5 0 0
83 20 0 0 0 0 0 5 1 1
87 10 0 0 0 0 0 0 0 0
92 11 0 0 0 0 0 6 0 0
95 12 0 0 0 0 0 0 0 0
98 6 0 0 0 0 0 6 5 5
99 6 0 0 0 0 0 6 6 6
100 12 0 0 6 0 0 0 0 0
103 12 0 0 0 0 0 6 1 1
104 42 1 1 12 0 0 18 2 2
106 6 0 0 0 0 0 6 0 0
119 22 0 0 11 0 0 0 0 0
125 1 0 0 0 0 0 0 0 0
127 42 1 1 12 6 6 12 0 0
130 12 0 0 6 0 0 0 0 0
131 17 1 1 0 0 0 6 6 6
132 6 0 0 0 0 0 6 0 0
136 6 0 0 0 0 0 6 0 0
139 75 1 1 7 0 0 0 0 0
141 16 0 0 0 0 0 16 4 4
149 12 1 1 0 0 0 6 0 0
150 6 0 0 0 0 0 6 6 6
153 1 1 1 0 0 0 0 0 0
155 36 0 0 6 1 1 0 0 0
157 20 0 0 0 0 0 5 3 3
160 14 0 0 0 0 0 0 0 0
164 24 0 0 6 0 0 0 0 0
168 30 1 1 5 0 0 0 0 0
176 2 1 1 0 0 0 1 0 0
179 12 0 0 0 0 0 6 2 2
189 18 0 0 6 0 0 0 0 0
191 25 1 1 0 0 0 15 0 0
195 15 0 0 0 0 0 0 0 0
200 20 0 0 0 0 0 0 0 0
208 5 0 0 0 0 0 0 0 0
212 5 0 0 0 0 0 0 0 0
245 20 0 0 5 0 0 5 0 0
250 168 0 0 0 0 0 0 0 0
251 168 0 0 84 0 0 0 0 0
253 10 0 0 0 0 0 0 0 0
256 5 0 0 0 0 0 5 0 0
259 5 0 0 0 0 0 5 2 2
263 54 1 1 42 0 0 0 0 0
fl=./elf/./elf/dl-profstub.c
fn=_dl_mcount_wrapper_check
36 256 1 1 0 0 0 0 0 0
37 384 1 1 256 0 0 0 0 0
39 128 0 0 128 0 0 0 0 0
fl=./elf/./elf/dl-reloc.c
fn=_dl_relocate_object
194 91 1 1 0 0 0 56 0 0
204 12 0 0 0 0 0 0 0 0
205 21 0 0 0 0 0 14 0 0
208 14 0 0 0 0 0 7 0 0
210 21 1 1 0 0 0 0 0 0
212 7 0 0 7 0 0 0 0 0
213 21 0 0 7 2 0 0 0 0
232 14 1 1 7 0 0 0 0 0
238 35 0 0 14 0 0 0 0 0
239 14 1 1 7 6 0 0 0 0
240 2 0 0 0 0 0 0 0 0
242 14 0 0 0 0 0 0 0 0
249 28 2 2 7 1 0 7 0 0
288 410 7 7 177 28 0 52 0 0
291 42 0 0 14 0 0 0 0 0
308 3218 1 1 0 0 0 0 0 0
315 7 0 0 7 0 0 0 0 0
318 14 0 0 7 0 0 0 0 0
335 21 0 0 7 5 0 0 0 0
337 56 0 0 49 2 0 0 0 0
343 42 2 2 21 0 0 0 0 0
346 14 0 0 0 0 0 0 0 0
350 14 0 0 0 0 0 0 0 0
351 42 0 0 0 0 0 7 0 0
fl=./elf/./elf/dl-runtime.c
fn=_dl_fixup
46 656 2 2 0 0 0 328 0 0
48 410 0 0 328 17 12 0 0 0
49 246 0 0 164 4 3 0 0 0
54 82 0 0 82 6 3 0 0 0
55 328 1 1 82 7 3 0 0 0
56 574 0 0 82 77 14 82 0 0
58 164 0 0 82 6 3 0 0 0
63 164 0 0 0 0 0 0 0 0
67 164 0 0 82 81 55 0 0 0
69 328 0 0 82 19 9 0 0 0
71 246 1 1 82 7 3 0 0 0
75 246 0 0 164 77 18 0 0 0
76 328 0 0 82 4 3 0 0 0
84 82 0 0 0 0 0 0 0 0
85 246 0 0 82 0 0 0 0 0
95 902 1 1 164 7 3 246 5 1
99 410 1 1 246 0 0 0 0 0
109 820 0 0 328 0 0 82 0 0
124 328 0 0 82 0 0 0 0 0
125 2 0 0 0 0 0 1 0 0
133 246 1 1 82 0 0 0 0 0
159 246 0 0 82 2 1 0 0 0
163 492 0 0 410 0 0 0 0 0
fl=./elf/./elf/dl-setup_hash.c
fn=_dl_setup_hash
25 14 1 1 0 0 0 0 0 0
28 21 1 1 7 0 0 0 0 0
31 21 0 0 14 0 0 0 0 0
32 14 0 0 7 5 5 7 1 1
33 7 0 0 7 0 0 0 0 0
34 7 0 0 7 0 0 0 0 0
36 21 0 0 0 0 0 0 0 0
37 7 0 0 0 0 0 7 0 0
38 21 0 0 7 0 0 7 0 0
40 28 1 1 0 0 0 7 0 0
41 14 0 0 0 0 0 0 0 0
45 21 0 0 0 0 0 7 0 0
50 7 0 0 7 0 0 0 0 0
fl=./elf/./elf/dl-sort-maps.c
fn=_dl_sort_maps
145 64 0 0 14 0 0 12 0 0
186 2 0 0 0 0 0 0 0 0
187 50 0 0 0 0 0 0 0 0
188 28 0 0 28 0 0 0 0 0
223 38 6 6 2 0 0 0 0 0
228 4 0 0 0 0 0 2 0 0
230 2 0 0 0 0 0 2 0 0
231 16 0 0 0 0 0 0 0 0
233 36 0 0 0 0 0 0 0 0
235 14 2 2 14 0 0 0 0 0
238 28 0 0 14 0 0 0 0 0
256 4 0 0 2 0 0 0 0 0
269 2 2 2 0 0 0 0 0 0
276 10 2 2 0 0 0 2 0 0
290 22 4 3 0 0 0 14 0 0
298 6 0 0 2 1 1 0 0 0
302 18 4 4 14 0 0 0 0 0
fn=_dl_sort_maps_init
281 2 1 1 0 0 0 0 0 0
282 4 0 0 0 0 0 1 0 0
283 1 0 0 0 0 0 1 0 0
284 3 0 0 1 0 0 0 0 0
285 2 0 0 1 0 0 0 0 0
fn=dfs_traversal.part.0
140 112 2 2 0 0 0 56 0 0
145 10 0 0 2 0 0 2 0 0
148 14 2 2 14 0 0 0 0 0
150 42 0 0 14 2 2 0 0 0
152 180 0 0 46 6 6 0 0 0
155 66 0 0 33 0 0 0 0 0
161 49 1 1 7 0 0 0 0 0
176 42 0 0 14 0 0 14 0 0
177 14 0 0 0 0 0 14 0 0
178 84 1 1 70 0 0 0 0 0
fl=./elf/./elf/dl-tunables.c
fn=__GI___tunable_set_val
102 45 1 1 5 0 0 0 0 0
111 5 0 0 5 0 0 0 0 0
112 25 0 0 10 0 0 0 0 0
113 40 1 1 10 0 0 0 0 0
116 15 0 0 0 0 0 0 0 0
119 10 0 0 0 0 0 0 0 0
123 10 0 0 0 0 0 0 0 0
130 10 1 1 0 0 0 0 0 0
131 10 0 0 0 0 0 0 0 0
134 30 0 0 0 0 0 5 0 0
135 5 0 0 0 0 0 5 0 0
136 5 0 0 0 0 0 5 0 0
137 5 0 0 0 0 0 5 0 0
157 25 1 1 0 0 0 0 0 0
161 5 0 0 5 0 0 0 0 0
fn=__GI___tunables_init
71 135 0 0 27 0 0 0 0 0
74 52 0 0 0 0 0 0 0 0
77 1939 1 1 277 11 11 0 0 0
81 52 1 1 0 0 0 0 0 0
86 104 0 0 0 0 0 0 0 0
273 7 0 0 1 0 0 0 0 0
282 9 2 2 0 0 0 6 1 1
305 3640 0 0 0 0 0 0 0 0
311 5720 1 1 1820 35 35 0 0 0
323 104 0 0 26 0 0 0 0 0
357 8 0 0 7 0 0 0 0 0
fn=__tunable_get_val
405 36 1 1 0 0 0 0 0 0
408 390 1 1 36 28 17 0 0 0
417 46 0 0 36 2 0 10 0 0
427 26 0 0 0 0 0 26 0 0
428 26 0 0 0 0 0 0 0 0
434 180 0 0 36 7 0 0 0 0
436 36 1 1 36 0 0 0 0 0
fl=./elf/./elf/dl-tunables.h
fn=__GI___tunable_set_val
121 10 0 0 0 0 0 0 0 0
122 5 0 0 0 0 0 0 0 0
131 20 1 1 0 0 0 0 0 0
fn=__GI___tunables_init
140 430 0 0 296 1 1 0 0 0
141 1112 1 1 0 0 0 0 0 0
fl=./elf/./elf/dl-version.c
fn=_dl_check_all_versions
361 6 1 1 0 0 0 4 0 0
363 2 0 0 0 0 0 0 0 0
365 26 0 0 7 0 0 0 0 0
366 7 0 0 0 0 0 0 0 0
367 63 1 1 7 0 0 7 0 0
370 7 0 0 5 0 0 0 0 0
fn=_dl_check_map_versions
36 171 1 1 22 0 0 0 0 0
37 47 0 0 47 0 0 0 0 0
38 290 1 1 0 0 0 58 0 0
56 180 0 0 135 0 0 0 0 0
64 135 1 1 45 0 0 0 0 0
70 135 0 0 45 0 0 0 0 0
86 45 0 0 45 1 0 0 0 0
87 90 0 0 0 0 0 0 0 0
89 45 0 0 45 0 0 0 0 0
94 1677 1 1 681 34 34 90 0 0
108 1362 0 0 681 9 9 0 0 0
110 45 1 1 45 1 1 0 0 0
113 371 0 0 56 1 1 45 0 0
120 1908 0 0 636 10 10 0 0 0
124 636 0 0 0 0 0 0 0 0
142 22 0 0 0 0 0 22 0 0
155 70 2 2 0 0 0 56 0 0
156 7 0 0 0 0 0 7 0 0
164 7 1 1 0 0 0 0 0 0
170 21 0 0 7 0 0 0 0 0
172 35 0 0 14 0 0 7 0 0
174 14 0 0 7 0 0 7 0 0
175 14 1 1 7 0 0 7 0 0
177 14 0 0 0 0 0 0 0 0
180 15 0 0 10 0 0 5 0 0
184 15 0 0 5 5 5 0 0 0
197 6 0 0 0 0 0 0 0 0
198 6 0 0 0 0 0 0 0 0
200 22 0 0 22 0 0 0 0 0
208 33 0 0 11 0 0 0 0 0
213 44 0 0 22 1 1 0 0 0
217 425 1 1 341 0 0 0 0 0
219 45 0 0 45 5 5 0 0 0
221 124 0 0 45 7 7 45 0 0
224 180 1 1 45 0 0 0 0 0
227 135 0 0 45 0 0 0 0 0
232 34 0 0 0 0 0 0 0 0
236 44 1 1 22 0 0 0 0 0
241 12 0 0 0 0 0 6 0 0
250 15 2 2 7 0 0 0 0 0
253 20 0 0 15 0 0 0 0 0
256 484 0 0 121 7 7 0 0 0
259 363 0 0 121 4 4 0 0 0
263 116 0 0 0 0 0 0 0 0
267 12 1 1 0 0 0 0 0 0
272 6 0 0 0 0 0 6 1 0
273 12 0 0 0 0 0 0 0 0
274 12 0 0 0 0 0 0 0 0
284 6 0 0 0 0 0 6 0 0
287 30 1 1 18 1 0 6 0 0
289 18 0 0 6 0 0 0 0 0
292 20 0 0 15 0 0 0 0 0
294 6 0 0 0 0 0 0 0 0
296 33 0 0 11 0 0 0 0 0
299 135 2 2 45 0 0 0 0 0
301 180 0 0 0 0 0 0 0 0
303 225 0 0 45 0 0 45 0 0
304 90 0 0 0 0 0 45 17 17
305 135 0 0 45 0 0 45 5 5
306 135 0 0 45 0 0 45 0 0
309 135 0 0 45 0 0 0 0 0
314 34 0 0 0 0 0 0 0 0
317 33 0 0 11 0 0 0 0 0
322 6 0 0 0 0 0 0 0 0
327 18 1 1 6 0 0 0 0 0
330 20 0 0 15 0 0 0 0 0
334 116 0 0 116 0 0 0 0 0
336 242 0 0 121 0 0 0 0 0
340 116 0 0 116 0 0 0 0 0
341 580 0 0 116 0 0 116 30 30
342 348 0 0 116 0 0 116 0 0
343 116 0 0 0 0 0 116 14 14
346 363 0 0 121 0 0 0 0 0
350 116 0 0 0 0 0 0 0 0
356 63 1 1 56 0 0 0 0 0
fl=./elf/./elf/do-rel.h
fn=_dl_relocate_object
49 42 0 0 14 0 0 14 0 0
50 14 1 1 7 0 0 0 0 0
52 10 0 0 0 0 0 6 0 0
53 12 1 1 0 0 0 8 0 0
60 42 0 0 14 0 0 0 0 0
63 3551 1 1 4 0 0 0 0 0
65 4692 1 1 1173 439 439 0 0 0
67 171 0 0 0 0 0 0 0 0
76 24 0 0 0 0 0 0 0 0
77 193 0 0 2 0 0 0 0 0
78 114 0 0 57 0 0 0 0 0
86 60 1 1 30 1 0 10 0 0
88 20 0 0 0 0 0 0 0 0
100 30 1 1 0 0 0 0 0 0
110 16 0 0 0 0 0 0 0 0
113 6346 0 0 0 0 0 0 0 0
114 4216 0 0 2108 267 264 0 0 0
120 40 0 0 10 7 0 10 0 0
124 32 0 0 16 1 0 8 0 0
126 10270 1 1 3426 0 0 0 0 0
128 17090 0 0 10254 1825 1095 0 0 0
129 13672 0 0 3418 0 0 3418 0 0
130 10254 1 1 6836 0 0 3418 0 0
131 13672 0 0 3418 2 0 0 0 0
133 10254 1 1 0 0 0 0 0 0
135 10 1 1 2 0 0 4 0 0
138 2 0 0 0 0 0 0 0 0
142 3416 0 0 0 0 0 3416 0 0
145 10305 2 2 3416 0 0 0 0 0
146 102 1 1 34 0 0 0 0 0
158 30 1 1 12 0 0 0 0 0
159 16 1 1 2 0 0 0 0 0
160 6 1 1 2 0 0 0 0 0
163 6 0 0 4 0 0 0 0 0
165 8 0 0 2 0 0 2 0 0
166 2 0 0 2 0 0 0 0 0
167 6 0 0 4 0 0 2 0 0
175 25 0 0 8 0 0 1 0 0
177 42 1 1 12 1 1 6 0 0
178 12 0 0 12 0 0 0 0 0
180 18 0 0 0 0 0 0 0 0
188 6 0 0 0 0 0 6 0 0
191 18 0 0 6 0 0 0 0 0
205 4 0 0 1 0 0 0 0 0
fn=_dl_start
49 4 0 0 2 0 0 0 0 0
50 1 0 0 1 0 0 0 0 0
86 10 0 0 4 0 0 0 0 0
88 4 0 0 0 0 0 0 0 0
113 431 0 0 0 0 0 0 0 0
114 284 1 1 142 18 18 0 0 0
118 4 0 0 2 0 0 0 0 0
126 28 0 0 0 0 0 0 0 0
128 21 1 1 7 2 2 0 0 0
129 14 0 0 0 0 0 0 0 0
130 14 0 0 7 0 0 0 0 0
fl=./elf/./elf/get-dynamic-info.h
fn=_dl_map_object_from_fd
39 10 0 0 0 0 0 0 0 0
43 5 0 0 0 0 0 0 0 0
45 499 0 0 126 36 36 0 0 0
49 242 0 0 0 0 0 0 0 0
54 129 1 1 0 0 0 0 0 0
55 88 0 0 0 0 0 0 0 0
56 25 0 0 0 0 0 0 0 0
58 5 0 0 0 0 0 0 0 0
59 25 1 1 0 0 0 0 0 0
61 5 0 0 0 0 0 0 0 0
62 25 2 2 0 0 0 0 0 0
64 25 0 0 0 0 0 0 0 0
68 121 0 0 0 0 0 121 29 29
72 20 0 0 5 0 0 0 0 0
82 17 1 1 7 0 0 0 0 0
83 20 0 0 10 0 0 0 0 0
84 20 0 0 10 0 0 0 0 0
85 20 0 0 10 0 0 0 0 0
87 20 0 0 10 0 0 0 0 0
92 19 1 1 9 1 1 0 0 0
93 19 0 0 9 1 1 0 0 0
94 20 0 0 10 0 0 0 0 0
97 15 0 0 5 0 0 0 0 0
102 8 0 0 4 0 0 0 0 0
109 10 1 1 5 0 0 0 0 0
110 15 0 0 10 0 0 0 0 0
132 15 0 0 5 1 1 0 0 0
137 4 0 0 2 0 0 2 0 0
139 4 0 0 0 0 0 0 0 0
141 4 0 0 0 0 0 0 0 0
143 4 0 0 0 0 0 0 0 0
147 15 1 1 5 0 0 0 0 0
149 3 0 0 1 0 0 1 0 0
150 2 0 0 0 0 0 0 0 0
159 2 1 1 1 0 0 0 0 0
160 3 1 1 0 0 0 0 0 0
165 2 0 0 0 0 0 0 0 0
169 10 0 0 5 0 0 0 0 0
fl=./elf/./elf/libc_early_init.c
fn=__libc_early_init
33 7 1 1 1 0 0 2 0 0
35 1 0 0 0 0 0 1 0 0
38 2 1 1 1 1 0 1 1 1
41 1 0 0 0 0 0 1 1 1
47 4 0 0 2 0 0 0 0 0
49 2 0 0 1 0 0 0 0 0
fl=./elf/./elf/rtld.c
fn=_dl_start
85 8 1 1 0 0 0 2 1 1
488 3 0 0 0 0 0 1 0 0
489 1 0 0 0 0 0 1 0 0
490 6 0 0 0 0 0 1 0 0
492 2 1 1 0 0 0 1 1 1
501 1 0 0 0 0 0 1 0 0
507 4 1 0 1 0 0 1 0 0
509 2 0 0 1 0 0 0 0 0
527 10 2 2 0 0 0 7 2 2
553 1 0 0 0 0 0 1 1 1
556 2 1 1 0 0 0 1 1 1
557 1 0 0 1 1 1 0 0 0
573 56 3 3 12 0 0 8 1 1
575 1 1 1 1 0 0 0 0 0
588 1 0 0 0 0 0 1 0 0
592 2 0 0 0 0 0 1 0 0
607 9 0 0 7 2 0 0 0 0
fn=dl_main
85 16 3 3 0 0 0 1 0 0
92 12 1 1 0 0 0 0 0 0
93 2 0 0 1 0 0 1 0 0
101 7 0 0 3 0 0 0 0 0
205 2 0 0 0 0 0 1 0 0
207 1 1 1 0 0 0 1 0 0
232 2 1 1 2 1 1 0 0 0
233 4 1 1 3 0 0 0 0 0
234 4 0 0 0 0 0 0 0 0
304 3 0 0 0 0 0 3 0 0
310 1 0 0 0 0 0 1 0 0
311 2 0 0 0 0 0 1 0 0
862 1 0 0 1 0 0 0 0 0
864 1 1 1 0 0 0 1 0 0
870 1 0 0 1 0 0 0 0 0
873 1 0 0 0 0 0 1 0 0
875 1 0 0 0 0 0 1 0 0
880 1 0 0 0 0 0 1 0 0
1140 2 0 0 1 0 0 1 0 0
1143 1 0 0 0 0 0 1 0 0
1146 1 0 0 0 0 0 1 0 0
1148 2 0 0 1 1 1 1 1 1
1150 1 0 0 1 0 0 0 0 0
1151 1 0 0 1 0 0 0 0 0
1166 1 0 0 0 0 0 0 0 0
1169 46 4 4 2 0 0 0 0 0
1170 117 1 1 22 7 7 0 0 0
1174 3 1 1 2 0 0 1 0 0
1179 3 1 1 2 0 0 1 0 0
1180 9 0 0 2 0 0 1 0 0
1189 2 0 0 0 0 0 1 0 0
1190 2 0 0 2 1 1 0 0 0
1192 1 0 0 0 0 0 1 0 0
1199 3 1 1 1 0 0 0 0 0
1211 1 0 0 0 0 0 0 0 0
1217 1 0 0 0 0 0 1 0 0
1225 8 0 0 4 0 0 0 0 0
1226 18 2 2 5 1 1 0 0 0
1227 8 0 0 4 0 0 0 0 0
1228 1 0 0 0 0 0 1 0 0
1230 12 0 0 4 0 0 0 0 0
1231 14 1 1 0 0 0 0 0 0
1235 8 0 0 4 3 3 0 0 0
1236 8 0 0 4 0 0 0 0 0
1237 4 0 0 0 0 0 4 0 0
1238 10 0 0 5 0 0 0 0 0
1239 1 0 0 0 0 0 1 0 0
1243 12 1 1 0 0 0 0 0 0
1271 2 0 0 1 0 0 1 1 1
1275 4 0 0 2 1 1 1 0 0
1277 1 0 0 0 0 0 0 0 0
1281 26 0 0 13 0 0 0 0 0
1282 61 1 1 13 0 0 0 0 0
1288 17 0 0 0 0 0 1 0 0
1294 3 0 0 1 1 1 0 0 0
1297 4 0 0 2 0 0 0 0 0
1299 3 1 1 1 0 0 0 0 0
1301 2 0 0 1 0 0 0 0 0
1320 14 2 2 0 0 0 10 1 1
1325 1 0 0 0 0 0 0 0 0
1326 1 0 0 0 0 0 1 0 0
1332 1 0 0 0 0 0 1 1 1
1348 3 0 0 2 0 0 1 0 0
1349 4 1 1 2 0 0 0 0 0
1627 10 2 2 0 0 0 2 0 0
1629 2 0 0 0 0 0 0 0 0
1630 2 0 0 1 0 0 1 0 0
1631 2 0 0 1 0 0 1 0 0
1632 3 1 1 2 0 0 1 0 0
1636 3 0 0 0 0 0 1 0 0
1637 2 0 0 1 0 0 0 0 0
1662 3 0 0 1 0 0 0 0 0
1663 6 0 0 2 0 0 1 0 0
1664 3 1 1 2 0 0 0 0 0
1665 3 0 0 3 0 0 0 0 0
1668 1 0 0 0 0 0 1 0 0
1670 1 0 0 0 0 0 1 1 1
1671 1 1 1 0 0 0 1 1 1
1673 2 0 0 1 0 0 0 0 0
1674 2 0 0 0 0 0 1 0 0
1678 2 0 0 1 0 0 0 0 0
1680 2 0 0 1 0 0 0 0 0
1688 3 0 0 1 0 0 0 0 0
1695 2 1 1 0 0 0 1 0 0
1698 2 0 0 1 0 0 0 0 0
1723 9 0 0 1 0 0 2 0 0
1731 4 0 0 1 0 0 2 0 0
1733 1 0 0 0 0 0 1 0 0
1738 2 0 0 1 0 0 0 0 0
1741 4 1 1 2 0 0 1 0 0
1742 4 0 0 1 0 0 1 0 0
1743 2 0 0 0 0 0 1 0 0
1744 1 0 0 0 0 0 1 0 0
1745 1 1 1 1 0 0 0 0 0
1746 1 0 0 1 0 0 0 0 0
1751 2 0 0 1 0 0 0 0 0
1752 3 1 1 1 0 0 1 0 0
1764 2 0 0 1 1 1 0 0 0
1765 2 0 0 1 0 0 0 0 0
1767 2 0 0 1 0 0 0 0 0
1769 1 0 0 0 0 0 1 0 0
1770 3 1 1 1 0 0 1 0 0
1775 5 0 0 0 0 0 0 0 0
1776 5 0 0 1 1 1 0 0 0
1778 4 1 1 2 1 1 1 1 1
1784 2 0 0 1 1 1 0 0 0
1786 3 1 1 2 0 0 0 0 0
1793 2 1 1 1 0 0 0 0 0
1797 1 1 1 0 0 0 1 0 0
1798 2 0 0 1 0 0 0 0 0
1822 2 0 0 0 0 0 2 0 0
1828 2 0 0 1 0 0 1 0 0
1829 1 0 0 0 0 0 1 0 0
1830 1 1 1 0 0 0 0 0 0
1834 3 0 0 0 0 0 1 0 0
1839 3 0 0 2 0 0 0 0 0
1841 1 0 0 0 0 0 0 0 0
1843 2 0 0 1 0 0 0 0 0
1847 5 0 0 1 0 0 1 0 0
1852 2 0 0 1 0 0 0 0 0
1868 6 1 1 0 0 0 1 0 0
1944 4 0 0 2 0 0 0 0 0
1948 19 3 3 1 0 0 0 0 0
1949 1 0 0 0 0 0 0 0 0
1952 3 0 0 0 0 0 1 0 0
1953 1 0 0 1 0 0 0 0 0
1954 2 0 0 0 0 0 0 0 0
1955 2 0 0 0 0 0 0 0 0
1960 3 0 0 1 0 0 0 0 0
1970 8 0 0 1 0 0 1 0 0
1976 31 1 1 1 0 0 0 0 0
1977 17 0 0 15 0 0 0 0 0
1980 4 0 0 3 0 0 1 0 0
1981 3 1 1 1 0 0 0 0 0
1982 1 0 0 0 0 0 1 0 0
1984 23 0 0 0 0 0 0 0 0
1985 22 1 1 7 0 0 0 0 0
1995 2 1 1 0 0 0 1 0 0
1997 3 0 0 1 0 0 1 0 0
1998 2 0 0 0 0 0 0 0 0
2000 2 0 0 0 0 0 1 0 0
2002 3 0 0 0 0 0 0 0 0
2004 3 0 0 1 0 0 0 0 0
2005 1 0 0 1 0 0 0 0 0
2006 2 1 1 0 0 0 0 0 0
2018 2 0 0 0 0 0 0 0 0
2019 2 0 0 0 0 0 1 0 0
2020 3 0 0 1 0 0 0 0 0
2031 4 1 1 0 0 0 1 0 0
2032 4 0 0 0 0 0 1 0 0
2033 5 1 1 0 0 0 1 0 0
2043 2 0 0 1 1 0 1 1 0
2044 2 0 0 0 0 0 0 0 0
2045 4 1 1 0 0 0 1 0 0
2047 2 0 0 1 0 0 0 0 0
2052 3 0 0 1 0 0 0 0 0
2282 3 0 0 1 0 0 0 0 0
2331 1 0 0 1 0 0 0 0 0
2338 2 0 0 0 0 0 1 0 0
2342 2 1 1 1 0 0 1 0 0
2348 2 0 0 1 0 0 1 0 0
2351 2 0 0 0 0 0 0 0 0
2359 2 0 0 2 0 0 0 0 0
2361 2 0 0 0 0 0 0 0 0
2415 3 1 1 1 0 0 0 0 0
2418 1 1 1 1 0 0 0 0 0
2422 1 0 0 1 0 0 0 0 0
2423 35 2 2 1 1 0 1 0 0
2425 14 0 0 14 4 0 0 0 0
2430 14 0 0 14 5 0 0 0 0
2432 16 0 0 0 0 0 0 0 0
2434 1 1 1 0 0 0 1 0 0
2435 1 0 0 1 0 0 0 0 0
2438 7 0 0 7 0 0 0 0 0
2440 21 1 1 0 0 0 0 0 0
2441 48 0 0 12 5 0 6 0 0
2445 18 0 0 9 3 0 0 0 0
2446 6 0 0 0 0 0 2 0 0
2454 2 1 1 1 0 0 0 0 0
2459 4 0 0 2 1 0 0 0 0
2461 1 0 0 1 0 0 0 0 0
2468 3 0 0 0 0 0 1 0 0
2471 2 1 1 1 0 0 0 0 0
2481 3 1 1 2 1 0 0 0 0
2483 4 0 0 1 0 0 0 0 0
2493 1 0 0 0 0 0 1 0 0
2498 2 0 0 0 0 0 1 0 0
2501 1 0 0 0 0 0 1 0 0
2507 1 0 0 1 0 0 0 0 0
2508 5 0 0 1 0 0 1 0 0
2516 3 0 0 1 0 0 1 0 0
2523 1 0 0 0 0 0 1 0 0
2527 3 1 1 0 0 0 1 0 0
2532 3 0 0 0 0 0 1 0 0
2533 1 0 0 0 0 0 1 0 0
2534 1 0 0 0 0 0 1 0 0
2535 1 0 0 0 0 0 0 0 0
2539 1 0 0 0 0 0 1 0 0
2544 8 0 0 7 2 0 0 0 0
2677 3 0 0 1 0 0 2 1 1
2679 1 0 0 0 0 0 0 0 0
2683 6 1 1 1 0 0 1 1 1
2685 16 0 0 0 0 0 3 0 0
2687 2 0 0 0 0 0 0 0 0
2689 107 0 0 21 0 0 0 0 0
2690 19 1 1 0 0 0 0 0 0
2698 13 0 0 2 1 1 0 0 0
2719 2 1 1 1 0 0 0 0 0
2726 6 1 1 3 0 0 0 0 0
2728 2 0 0 0 0 0 1 0 0
2729 1 0 0 0 0 0 0 0 0
2774 3 1 1 1 0 0 0 0 0
2775 5 1 1 2 0 0 0 0 0
2777 2 1 1 0 0 0 1 0 0
2778 2 0 0 0 0 0 1 0 0
2779 1 0 0 0 0 0 0 0 0
2818 1 0 0 0 0 0 0 0 0
2829 1 0 0 0 0 0 0 0 0
2845 4 1 1 1 0 0 0 0 0
2877 2 0 0 0 0 0 0 0 0
fn=handle_preload_list
191 3 1 1 1 0 0 0 0 0
831 1 1 1 0 0 0 1 1 1
835 1 0 0 0 0 0 1 0 0
836 2 0 0 1 0 0 1 0 0
837 1 0 0 0 0 0 1 0 0
839 1 0 0 1 0 0 0 0 0
841 7 0 0 0 0 0 1 0 0
842 3 0 0 1 0 0 0 0 0
850 3 0 0 1 0 0 0 0 0
894 12 1 1 1 1 1 8 1 1
895 3 1 1 0 0 0 0 0 0
899 5 0 0 2 0 0 0 0 0
902 4 0 0 0 0 0 1 0 0
903 3 0 0 0 0 0 0 0 0
905 5 1 1 0 0 0 1 0 0
906 2 0 0 0 0 0 1 0 0
912 1 0 0 0 0 0 0 0 0
914 2 0 0 1 0 0 0 0 0
916 2 0 0 1 0 0 0 0 0
917 1 0 0 0 0 0 0 0 0
920 9 0 0 7 0 0 0 0 0
fn=init_tls
756 3 1 1 0 0 0 2 0 0
758 2 0 0 1 0 0 1 0 0
762 3 0 0 1 0 0 0 0 0
768 2 1 1 0 0 0 1 0 0
771 1 0 0 0 0 0 1 0 0
772 1 0 0 0 0 0 0 0 0
773 1 0 0 0 0 0 0 0 0
777 1 0 0 0 0 0 0 0 0
779 1 0 0 0 0 0 1 0 0
783 2 0 0 1 1 1 0 0 0
784 2 0 0 0 0 0 0 0 0
785 18 1 1 1 0 0 0 0 0
786 7 1 1 7 0 0 0 0 0
787 14 0 0 7 0 0 0 0 0
791 6 0 0 0 0 0 2 1 1
793 2 0 0 0 0 0 0 0 0
795 3 0 0 1 0 0 0 0 0
798 2 1 1 0 0 0 1 0 0
801 1 0 0 0 0 0 1 0 0
808 2 0 0 0 0 0 1 0 0
809 2 0 0 0 0 0 0 0 0
815 2 0 0 1 0 0 1 0 0
818 8 0 0 0 0 0 2 0 0
821 1 0 0 0 0 0 1 0 0
822 1 0 0 0 0 0 1 0 0
825 5 0 0 3 0 0 0 0 0
fn=map_doit
663 3 1 1 0 0 0 1 0 0
665 4 0 0 1 0 0 0 0 0
666 6 1 1 2 0 0 2 1 1
668 2 0 0 2 0 0 0 0 0
fn=version_check_doit
696 3 1 1 0 0 0 1 0 0
698 6 1 1 2 0 0 1 0 0
702 2 0 0 2 0 0 0 0 0
fl=./elf/./get-dynamic-info.h
fn=_dl_start
45 75 0 0 19 5 5 0 0 0
49 36 1 1 0 0 0 0 0 0
54 21 0 0 0 0 0 0 0 0
55 14 0 0 0 0 0 0 0 0
56 5 0 0 0 0 0 0 0 0
58 1 0 0 0 0 0 0 0 0
59 5 1 1 0 0 0 0 0 0
61 1 0 0 0 0 0 0 0 0
62 5 1 1 0 0 0 0 0 0
64 5 0 0 0 0 0 0 0 0
68 19 0 0 0 0 0 18 6 6
72 3 0 0 0 0 0 0 0 0
82 4 1 1 2 0 0 0 0 0
83 4 0 0 2 0 0 0 0 0
84 4 0 0 2 0 0 0 0 0
85 4 0 0 2 0 0 0 0 0
87 4 1 1 2 0 0 0 0 0
92 4 0 0 2 0 0 0 0 0
93 4 0 0 2 0 0 0 0 0
94 4 0 0 2 0 0 0 0 0
97 3 1 1 1 0 0 0 0 0
102 2 0 0 1 0 0 0 0 0
109 3 0 0 1 0 0 0 0 0
110 3 0 0 2 0 0 0 0 0
118 2 0 0 1 1 1 0 0 0
119 2 1 1 1 0 0 0 0 0
124 3 0 0 1 0 0 0 0 0
127 3 0 0 1 0 0 0 0 0
fn=dl_main
39 3 1 1 1 0 0 0 0 0
43 1 0 0 0 0 0 0 0 0
45 115 0 0 29 8 8 0 0 0
49 56 1 1 0 0 0 0 0 0
54 25 0 0 0 0 0 0 0 0
55 17 0 0 0 0 0 0 0 0
56 5 0 0 0 0 0 0 0 0
58 1 0 0 0 0 0 0 0 0
59 5 1 1 0 0 0 0 0 0
61 1 0 0 0 0 0 0 0 0
62 5 0 0 0 0 0 0 0 0
64 5 0 0 0 0 0 0 0 0
68 28 0 0 0 0 0 28 6 6
72 5 2 2 2 0 0 0 0 0
82 3 0 0 1 0 0 0 0 0
83 4 0 0 2 0 0 0 0 0
84 4 1 1 2 0 0 0 0 0
85 4 0 0 2 0 0 0 0 0
87 4 0 0 2 0 0 0 0 0
92 4 0 0 2 0 0 0 0 0
93 4 1 1 2 0 0 0 0 0
94 5 0 0 2 0 0 0 0 0
97 3 0 0 1 0 0 0 0 0
102 2 0 0 1 0 0 0 0 0
109 2 0 0 1 0 0 0 0 0
110 3 0 0 2 0 0 0 0 0
132 3 1 1 1 0 0 0 0 0
137 2 0 0 1 0 0 1 0 0
139 2 0 0 0 0 0 0 0 0
141 2 0 0 0 0 0 0 0 0
143 2 0 0 0 0 0 0 0 0
144 1 0 0 0 0 0 1 0 0
147 3 1 1 1 0 0 0 0 0
149 3 0 0 1 0 0 1 0 0
150 2 0 0 0 0 0 0 0 0
159 2 0 0 1 0 0 0 0 0
160 3 1 1 0 0 0 0 0 0
165 2 0 0 0 0 0 0 0 0
166 2 0 0 1 0 0 1 0 0
169 2 1 1 1 0 0 0 0 0
fl=./elf/./setup-vdso.h
fn=dl_main
24 2 0 0 1 1 1 0 0 0
fl=./iconv/./iconv/gconv_simple.c
fn=__gconv_btwoc_ascii
49 128 1 1 0 0 0 0 0 0
51 512 1 1 0 0 0 0 0 0
54 128 0 0 128 0 0 0 0 0
fl=./io/../sysdeps/unix/sysv/linux/access.c
fn=access
25 1 1 1 0 0 0 0 0 0
27 7 0 0 0 0 0 1 0 0
31 1 0 0 1 0 0 0 0 0
fl=./io/../sysdeps/unix/sysv/linux/close_nocancel.c
fn=__GI___close_nocancel
25 6 1 1 0 0 0 0 0 0
26 24 0 0 0 0 0 0 0 0
27 6 0 0 6 0 0 0 0 0
fl=./io/../sysdeps/unix/sysv/linux/fstat64.c
fn=fstat
29 14 2 2 0 0 0 0 0 0
30 14 0 0 0 0 0 0 0 0
35 21 0 0 0 0 0 0 0 0
fl=./io/../sysdeps/unix/sysv/linux/fstatat64.c
fn=fstatat
98 34 0 0 0 0 0 0 0 0
153 34 2 2 0 0 0 0 0 0
167 18 0 0 0 0 0 9 0 0
168 60 1 1 9 0 0 0 0 0
169 8 0 0 8 0 0 0 0 0
fl=./io/../sysdeps/unix/sysv/linux/open64_nocancel.c
fn=__open_nocancel
28 76 1 1 0 0 0 19 3 3
31 133 1 1 0 0 0 0 0 0
39 172 0 0 0 0 0 13 0 0
41 19 0 0 19 0 0 0 0 0
fl=./io/../sysdeps/unix/sysv/linux/pread64_nocancel.c
fn=__pread64_nocancel
25 8 1 1 0 0 0 0 0 0
26 16 0 0 0 0 0 0 0 0
27 4 0 0 4 0 0 0 0 0
fl=./io/../sysdeps/unix/sysv/linux/read_nocancel.c
fn=__read_nocancel
25 5 1 1 0 0 0 0 0 0
26 20 0 0 0 0 0 0 0 0
27 5 0 0 5 0 0 0 0 0
fl=./io/../sysdeps/unix/sysv/linux/stat64.c
fn=stat
28 20 1 1 0 0 0 0 0 0
29 40 0 0 0 0 0 0 0 0
fl=./io/../sysdeps/unix/sysv/linux/write.c
fn=write
25 1 1 1 0 0 0 0 0 0
26 7 1 1 1 0 0 0 0 0
27 1 0 0 1 0 0 0 0 0
fl=./libio/./libio/filedoalloc.c
fn=_IO_file_doallocate
78 9 1 1 1 0 0 4 0 0
84 9 1 1 3 2 2 1 0 0
86 4 1 1 1 0 0 0 0 0
97 4 0 0 1 0 0 0 0 0
101 3 0 0 0 0 0 1 0 0
102 2 0 0 0 0 0 0 0 0
104 4 0 0 0 0 0 1 0 0
105 1 1 1 0 0 0 0 0 0
106 8 0 0 6 3 3 0 0 0
fl=./libio/./libio/fileops.c
fn=_IO_do_write@@GLIBC_2.2.5
423 11 2 2 0 0 0 6 0 0
425 10 0 0 0 0 0 0 0 0
426 9 0 0 8 0 0 0 0 0
433 2 0 0 1 0 0 0 0 0
440 4 1 1 2 0 0 0 0 0
443 1 0 0 1 0 0 0 0 0
448 5 0 0 1 0 0 1 0 0
449 5 0 0 1 0 0 0 0 0
451 3 0 0 1 0 0 2 0 0
452 2 0 0 0 0 0 1 0 0
453 1 0 0 0 0 0 1 0 0
454 3 1 1 1 0 0 0 0 0
455 5 1 1 2 0 0 0 0 0
fn=_IO_file_overflow@@GLIBC_2.2.5
731 5 1 1 0 0 0 3 0 0
732 4 0 0 1 0 0 0 0 0
739 3 0 0 1 0 0 0 0 0
742 2 1 1 0 0 0 0 0 0
744 2 1 1 0 0 0 1 0 0
745 6 0 0 1 0 0 2 0 0
754 3 1 1 1 0 0 0 0 0
763 3 0 0 1 0 0 0 0 0
765 1 0 0 0 0 0 1 0 0
766 1 0 0 0 0 0 1 0 0
767 2 0 0 0 0 0 1 0 0
768 3 0 0 1 0 0 2 0 0
770 3 0 0 0 0 0 1 0 0
771 5 1 1 1 1 0 0 0 0
774 2 0 0 0 0 0 0 0 0
775 2 0 0 0 0 0 0 0 0
776 1 0 0 0 0 0 0 0 0
787 3 0 0 3 1 1 0 0 0
fn=_IO_file_setbuf@@GLIBC_2.2.5
381 3 1 1 0 0 0 1 0 0
382 3 0 0 0 0 0 1 0 0
385 1 0 0 1 0 0 0 0 0
387 3 1 1 0 0 0 3 0 0
389 2 0 0 0 0 0 0 0 0
390 2 0 0 2 0 0 0 0 0
fn=_IO_file_stat
1146 1 1 1 0 0 0 0 0 0
1147 2 0 0 1 0 0 0 0 0
fn=_IO_file_sync@@GLIBC_2.2.5
792 55 1 1 0 0 0 22 0 0
797 44 1 1 22 1 1 0 0 0
798 7 1 1 1 0 0 1 0 0
799 11 0 0 11 0 0 0 0 0
800 22 0 0 11 0 0 0 0 0
811 22 1 1 0 0 0 11 0 0
815 44 0 0 33 0 0 0 0 0
fn=_IO_file_write@@GLIBC_2.2.5
1173 7 1 1 0 0 0 4 0 0
1175 8 0 0 0 0 0 0 0 0
1179 3 1 1 1 1 1 0 0 0
1180 3 0 0 1 0 0 1 0 0
1181 2 0 0 0 0 0 0 0 0
1186 1 0 0 0 0 0 0 0 0
1187 1 0 0 0 0 0 0 0 0
1189 3 1 1 0 0 0 0 0 0
1190 3 0 0 1 0 0 0 0 0
1193 6 0 0 5 0 0 0 0 0
fn=_IO_file_xsputn@@GLIBC_2.2.5
1197 40 1 1 0 0 0 30 1 1
1203 20 0 0 0 0 0 0 0 0
1204 5 0 0 0 0 0 0 0 0
1210 20 0 0 5 0 0 0 0 0
1212 10 0 0 5 0 0 0 0 0
1227 15 0 0 5 0 0 0 0 0
1228 4 0 0 0 0 0 0 0 0
1231 13 1 1 0 0 0 0 0 0
1233 4 0 0 0 0 0 0 0 0
1235 16 0 0 0 0 0 8 1 1
1236 4 0 0 0 0 0 0 0 0
1237 12 0 0 0 0 0 0 0 0
1239 8 0 0 0 0 0 0 0 0
1243 6 0 0 2 0 0 1 0 0
1249 2 0 0 2 0 0 0 0 0
1250 7 0 0 0 0 0 0 0 0
1252 2 0 0 0 0 0 0 0 0
1263 3 1 1 0 0 0 0 0 0
1264 4 0 0 0 0 0 1 0 0
1266 3 0 0 0 0 0 0 0 0
1267 45 1 1 35 1 0 0 0 0
fl=./libio/./libio/genops.c
fn=_IO_cleanup
786 6 1 1 0 0 0 3 0 0
787 11 1 1 4 0 0 2 0 0
790 12 0 0 4 0 0 0 0 0
799 9 1 1 3 1 1 0 0 0
801 6 0 0 2 0 0 0 0 0
807 13 1 1 5 0 0 2 0 0
815 5 1 1 2 1 1 0 0 0
817 2 0 0 0 0 0 1 0 0
819 4 2 2 2 0 0 1 0 0
820 1 0 0 0 0 0 1 0 0
824 5 0 0 2 0 0 1 0 0
826 3 0 0 1 0 0 0 0 0
830 5 1 1 1 0 0 0 0 0
831 8 0 0 3 0 0 2 0 0
838 3 0 0 0 0 0 3 0 0
842 9 1 1 3 0 0 2 0 0
843 2 0 0 0 0 0 1 0 0
863 11 1 1 1 0 0 7 0 0
866 3 0 0 0 0 0 1 0 0
878 12 0 0 9 0 0 0 0 0
fn=_IO_default_setbuf
330 5 1 1 1 0 0 0 0 0
332 4 0 0 0 0 0 1 0 0
337 2 0 0 0 0 0 1 0 0
452 9 2 2 0 0 0 4 0 0
453 5 0 0 2 0 0 1 0 0
455 4 0 0 0 0 0 0 0 0
457 3 1 1 1 0 0 1 0 0
458 2 0 0 0 0 0 0 0 0
462 1 0 0 0 0 0 0 0 0
466 4 0 0 0 0 0 3 0 0
467 1 0 0 0 0 0 0 0 0
468 6 0 0 5 0 0 0 0 0
fn=_IO_default_xsputn
371 13 1 1 0 0 0 6 0 0
374 2 0 0 0 0 0 0 0 0
375 1 0 0 0 0 0 0 0 0
379 4 1 1 2 0 0 0 0 0
381 3 0 0 0 0 0 0 0 0
384 2 0 0 0 0 0 0 0 0
389 2 1 1 0 0 0 0 0 0
393 25 1 1 0 0 0 0 0 0
394 20 3 3 7 1 0 8 0 0
397 1 0 0 0 0 0 0 0 0
399 2 0 0 0 0 0 0 0 0
404 8 1 1 7 0 0 0 0 0
fn=_IO_doallocbuf
343 4 1 1 0 0 0 3 0 0
344 2 0 0 1 0 0 0 0 0
346 4 0 0 1 0 0 0 0 0
347 5 0 0 2 1 1 1 0 0
350 4 1 1 4 0 0 0 0 0
fn=_IO_flush_all_lockp
686 12 2 2 1 0 0 7 0 0
687 1 0 0 0 0 0 0 0 0
691 6 0 0 0 0 0 3 0 0
692 11 1 1 4 0 0 2 0 0
695 12 0 0 4 1 1 0 0 0
697 3 1 1 0 0 0 3 0 0
698 6 0 0 0 0 0 0 0 0
701 21 2 2 9 2 2 0 0 0
709 6 1 1 0 0 0 0 0 0
711 3 0 0 0 0 0 3 0 0
715 9 0 0 3 0 0 2 0 0
716 2 1 1 0 0 0 1 0 0
720 12 0 0 9 0 0 0 0 0
fn=_IO_setb
329 9 1 1 0 0 0 2 0 0
330 4 1 1 2 1 0 0 0 0
332 1 0 0 0 0 0 1 1 0
335 6 0 0 0 0 0 1 0 0
338 4 0 0 3 0 0 0 0 0
fl=./libio/./libio/iofflush.c
fn=fflush
32 40 2 2 0 0 0 30 0 0
33 20 0 0 0 0 0 0 0 0
39 140 1 1 70 5 5 10 0 0
40 50 0 0 20 3 3 10 0 0
44 50 0 0 40 0 0 0 0 0
fl=./libio/./libio/iofwrite.c
fn=fwrite
31 40 1 1 0 0 0 30 1 1
32 10 0 0 0 0 0 0 0 0
35 10 1 1 0 0 0 0 0 0
37 85 1 1 35 6 6 5 0 0
38 24 0 0 5 2 2 1 0 0
39 30 0 0 10 3 2 5 0 0
45 30 0 0 0 0 0 0 0 0
46 5 0 0 0 0 0 0 0 0
49 45 0 0 35 1 1 0 0 0
fl=./libio/./libio/libioP.h
fn=_IO_cleanup
940 4 0 0 0 0 0 0 0 0
942 2 0 0 0 0 0 0 0 0
943 2 0 0 0 0 0 0 0 0
fn=_IO_default_setbuf
940 3 0 0 0 0 0 0 0 0
942 2 0 0 0 0 0 0 0 0
943 2 0 0 0 0 0 0 0 0
fn=_IO_default_xsputn
940 3 0 0 0 0 0 0 0 0
fn=_IO_do_write@@GLIBC_2.2.5
940 4 0 0 0 0 0 0 0 0
942 2 1 1 0 0 0 0 0 0
943 2 0 0 0 0 0 0 0 0
fn=_IO_doallocbuf
940 3 1 1 0 0 0 0 0 0
942 2 0 0 0 0 0 0 0 0
943 2 0 0 0 0 0 0 0 0
fn=_IO_file_doallocate
940 3 0 0 0 0 0 0 0 0
942 2 0 0 0 0 0 0 0 0
943 2 0 0 0 0 0 0 0 0
fn=_IO_file_xsputn@@GLIBC_2.2.5
940 3 0 0 0 0 0 0 0 0
942 2 1 1 0 0 0 0 0 0
943 2 0 0 0 0 0 0 0 0
fn=_IO_flush_all_lockp
940 4 1 1 0 0 0 0 0 0
fn=fflush
883 20 0 0 10 0 0 0 0 0
884 90 1 1 40 0 0 20 0 0
940 30 0 0 0 0 0 0 0 0
942 20 0 0 0 0 0 0 0 0
943 20 0 0 0 0 0 0 0 0
fn=fwrite
883 10 0 0 5 0 0 0 0 0
884 40 1 1 20 2 0 5 0 0
940 15 0 0 0 0 0 0 0 0
942 10 1 1 0 0 0 0 0 0
943 10 0 0 0 0 0 0 0 0
fl=./libio/./libio/vtables.c
fn=check_stdfiles_vtables
83 1 1 1 0 0 0 0 0 0
84 4 0 0 2 1 0 0 0 0
85 3 1 1 2 1 0 0 0 0
86 3 0 0 2 2 0 0 0 0
88 1 0 0 1 0 0 0 0 0
fl=./locale/./locale/newlocale.c
fn=newlocale
43 17 2 2 1 0 0 8 0 0
55 2 0 0 0 0 0 0 0 0
56 2 1 1 0 0 0 1 0 0
63 2 0 0 0 0 0 0 0 0
66 3 0 0 0 0 0 0 0 0
72 2 1 1 0 0 0 0 0 0
73 7 2 2 3 0 0 0 0 0
75 1 0 0 0 0 0 0 0 0
277 12 1 1 9 0 0 0 0 0
fl=./locale/./locale/uselocale.c
fn=uselocale
30 2 1 1 0 0 0 0 0 0
31 6 0 0 4 0 0 0 0 0
33 4 0 0 0 0 0 0 0 0
36 4 0 0 0 0 0 0 0 0
37 2 0 0 0 0 0 2 0 0
65 6 0 0 4 2 0 2 0 0
66 6 1 1 4 0 0 2 0 0
68 6 0 0 4 1 0 2 0 0
72 6 0 0 0 0 0 0 0 0
73 2 0 0 2 0 0 0 0 0
fl=./malloc/./malloc/arena.c
fn=free
162 4526751 0 0 0 0 0 0 0 0
fn=malloc
162 1363180 2 1 0 0 0 0 0 0
315 1 1 1 0 0 0 1 0 0
fn=ptmalloc_init.part.0
313 6 1 1 1 0 0 3 0 0
318 1 0 0 0 0 0 1 0 0
343 2 2 2 1 0 0 0 0 0
347 3 0 0 1 1 0 1 0 0
352 4 0 0 0 0 0 1 0 0
353 4 1 1 0 0 0 1 0 0
354 4 0 0 0 0 0 1 0 0
355 4 0 0 0 0 0 1 0 0
356 4 1 1 0 0 0 1 0 0
357 4 0 0 0 0 0 1 0 0
358 4 0 0 0 0 0 1 0 0
360 4 1 1 0 0 0 1 0 0
361 4 0 0 0 0 0 1 0 0
362 4 0 0 0 0 0 1 0 0
365 4 0 0 0 0 0 1 0 0
366 4 1 1 0 0 0 1 0 0
367 2 0 0 1 1 1 0 0 0
430 7 0 0 5 0 0 0 0 0
fn=sysmalloc
565 324 2 1 0 0 0 324 0 0
fl=./malloc/./malloc/malloc.c
fn=_int_free
2012 2047203 1 1 682401 28 3 0 0 0
3181 1653526 1 1 826763 0 0 826763 0 0
3183 3307052 0 0 826763 21 6 826763 0 0
3184 826763 0 0 0 0 0 826763 0 0
3185 1653526 0 0 0 0 0 826763 0 0
4421 16600804 2 2 1509164 30 4 10564148 151 8
4431 4527492 0 0 1509164 0 0 0 0 0
4437 7545820 0 0 0 0 0 0 0 0
4438 3018328 0 0 0 0 0 0 0 0
4442 6036656 0 0 0 0 0 0 0 0
4449 3018328 0 0 0 0 0 0 0 0
4450 10564148 1 1 4527492 31 6 0 0 0
4453 1509114 0 0 0 0 0 0 0 0
4459 4527342 0 0 3018228 3 3 0 0 0
4479 7545570 1 1 3018228 3 3 0 0 0
4482 826763 0 0 0 0 0 0 0 0
4493 1364802 0 0 682401 32 6 0 0 0
4504 2729404 0 0 682351 337887 301561 0 0 0
4506 2047053 0 0 682351 3 3 0 0 0
4527 682351 0 0 0 0 0 682351 1 1
4528 682351 0 0 0 0 0 0 0 0
4532 2047053 0 0 682351 0 0 0 0 0
4534 2047053 0 0 682351 0 0 0 0 0
4538 1364702 0 0 0 0 0 0 0 0
4540 2729404 0 0 0 0 0 682351 0 0
4541 682351 0 0 0 0 0 682351 0 0
4560 2729404 0 0 0 0 0 0 0 0
4569 100 0 0 50 0 0 0 0 0
4572 50 0 0 50 0 0 0 0 0
4575 250 0 0 0 0 0 50 0 0
4578 50 4 4 0 0 0 0 0 0
4582 150 0 0 50 30 4 0 0 0
4585 186 0 0 50 28 3 0 0 0
4587 129 1 1 43 27 1 0 0 0
4590 150 0 0 50 13 2 0 0 0
4593 100 0 0 0 0 0 0 0 0
4594 100 0 0 0 0 0 0 0 0
4595 100 2 2 50 29 3 0 0 0
4601 100 0 0 50 0 0 0 0 0
4602 28 0 0 28 0 0 0 0 0
4603 28 0 0 0 0 0 0 0 0
4604 28 0 0 0 0 0 0 0 0
4605 112 0 0 28 20 1 0 0 0
4607 56 0 0 0 0 0 28 9 0
4610 100 2 2 50 0 0 0 0 0
4615 98 0 0 49 16 4 0 0 0
4616 12 1 1 0 0 0 6 0 0
4617 12 0 0 0 0 0 0 0 0
4619 43 0 0 43 0 0 0 0 0
4627 49 0 0 0 0 0 0 0 0
4628 196 0 0 49 0 0 0 0 0
4629 98 0 0 49 10 2 0 0 0
4631 49 0 0 0 0 0 49 1 0
4633 98 2 2 0 0 0 0 0 0
4635 147 1 1 0 0 0 49 3 1
4638 49 0 0 0 0 0 49 0 0
4639 49 0 0 0 0 0 49 0 0
4641 147 0 0 0 0 0 49 0 0
4642 49 0 0 0 0 0 49 0 0
4653 1 1 1 0 0 0 0 0 0
4654 3 0 0 0 0 0 1 0 0
4655 2 0 0 0 0 0 1 0 0
4672 100 0 0 0 0 0 0 0 0
4673 72 1 1 24 0 0 0 0 0
4674 6 1 1 0 0 0 2 0 0
4676 72 2 2 0 0 0 0 0 0
4678 120 1 1 72 28 5 0 0 0
4680 3 1 1 1 0 0 1 0 0
4692 150 0 0 50 1 1 0 0 0
4702 16600804 2 2 13582476 4 4 0 0 0
fn=_int_malloc
1343 1363182 1 1 0 0 0 0 0 0
1362 3407953 2 1 0 0 0 0 0 0
2005 2044764 1 1 681588 1 0 0 0 0
3177 630 0 0 0 0 0 630 0 0
3181 300198 0 0 100278 1 1 100278 0 0
3183 201282 1 1 1266 0 0 100275 0 0
3184 3 0 0 0 0 0 3 0 0
3185 1896 0 0 630 0 0 633 0 0
3193 9 1 1 6 0 0 0 0 0
3194 6 0 0 0 0 0 0 0 0
3196 12 0 0 3 0 0 3 0 0
3197 3 0 0 3 0 0 0 0 0
3198 3 0 0 0 0 0 3 0 0
3771 6134319 1 1 0 0 0 4089546 19 1
3811 1363182 2 1 0 0 0 0 0 0
3838 1363186 0 0 681591 19 2 0 0 0
3841 90 0 0 0 0 0 0 0 0
3843 681515 0 0 681513 1 0 0 0 0
3845 3407295 2 2 0 0 0 0 0 0
3847 180 1 1 0 0 0 0 0 0
3850 270 0 0 90 0 0 0 0 0
3851 540 0 0 90 1 0 90 0 0
3853 2044533 1 1 0 0 0 0 0 0
3856 180 0 0 90 0 0 0 0 0
3857 180 1 1 0 0 0 0 0 0
3863 180 0 0 0 0 0 0 0 0
3864 540 0 0 270 0 0 0 0 0
3869 720 0 0 90 0 0 0 0 0
3870 3330 2 2 1350 0 0 0 0 0
3872 1260 0 0 0 0 0 0 0 0
3874 1890 1 1 630 0 0 0 0 0
3875 3780 0 0 630 24 0 630 0 0
3901 156 0 0 0 0 0 0 0 0
3903 681437 0 0 0 0 0 681437 9 2
3904 1362931 5 3 0 0 0 0 0 0
3906 2044320 0 0 681440 52 14 0 0 0
3908 3 0 0 3 1 1 0 0 0
3909 6 0 0 3 0 0 0 0 0
3911 3 0 0 3 1 1 0 0 0
3912 3 0 0 0 0 0 3 0 0
3913 3 0 0 0 0 0 3 0 0
3915 9 1 1 0 0 0 0 0 0
3921 6 0 0 0 0 0 0 0 0
3922 18 0 0 9 0 0 0 0 0
3927 15 0 0 6 0 0 0 0 0
3928 6 0 0 0 0 0 0 0 0
3944 3 0 0 0 0 0 0 0 0
3963 2375 7 4 0 0 0 737 38 4
3964 183 0 0 61 20 2 0 0 0
3965 11 1 0 0 0 0 3 0 0
3982 3407487 0 0 681497 1 1 1362995 18 0
3983 2044494 0 0 0 0 0 0 0 0
3984 2044494 0 0 1362996 2 2 0 0 0
3988 681498 0 0 0 0 0 681498 0 0
3993 99642 0 0 0 0 0 0 0 0
3994 2758770 1 1 692422 20 2 0 0 0
3996 109780 0 0 109780 0 0 0 0 0
3997 439120 0 0 109780 2179 0 0 0 0
3998 109780 0 0 0 0 0 0 0 0
4000 219560 1 1 0 0 0 0 0 0
4001 329340 0 0 109780 14 2 0 0 0
4003 109780 0 0 109780 9765 0 0 0 0
4004 439120 0 0 0 0 0 0 0 0
4006 439120 0 0 109780 0 0 0 0 0
4008 219560 1 1 109780 9995 0 0 0 0
4009 219560 0 0 109780 0 0 0 0 0
4011 219560 0 0 0 0 0 0 0 0
4022 439120 0 0 0 0 0 0 0 0
4023 199186 1 1 99593 0 0 0 0 0
4024 198454 0 0 99227 0 0 0 0 0
4025 199284 0 0 0 0 0 99642 0 0
4028 198414 0 0 99207 0 0 0 0 0
4029 99207 0 0 0 0 0 0 0 0
4030 99207 0 0 0 0 0 99207 0 0
4031 297621 0 0 0 0 0 99207 0 0
4032 99207 0 0 0 0 0 99207 76102 32256
4033 198414 0 0 0 0 0 0 0 0
4035 198030 1 1 0 0 0 99015 23853 7076
4039 793656 0 0 0 0 0 99207 0 0
4041 297621 0 0 0 0 0 99207 5635 4550
4042 99207 0 0 0 0 0 99207 0 0
4045 99210 0 0 0 0 0 0 0 0
4053 10573 0 0 0 0 0 10573 0 0
4054 10573 0 0 0 0 0 10573 0 0
4058 21146 0 0 0 0 0 0 0 0
4060 6 1 1 0 0 0 3 0 0
4061 2726001 2 1 0 0 0 1362996 1 1
4066 6 0 0 3 0 0 0 0 0
4067 298938 1 1 199290 0 0 99642 0 0
4071 6 0 0 0 0 0 0 0 0
4087 21140 1 1 0 0 0 0 0 0
4089 20206 0 0 0 0 0 0 0 0
4090 40412 0 0 0 0 0 0 0 0
4091 10103 0 0 10103 48 11 0 0 0
4095 3539 2 2 0 0 0 0 0 0
4096 1868 1 1 0 0 0 0 0 0
4097 467 0 0 467 99 12 0 0 0
4100 934 0 0 0 0 0 0 0 0
4103 720 1 1 0 0 0 360 1 1
4105 1440 0 0 720 96 0 0 0 0
4106 720 0 0 360 0 0 0 0 0
4112 20 0 0 0 0 0 5 1 0
4113 5 0 0 5 3 0 0 0 0
4114 15 0 0 0 0 0 10 0 0
4118 1775 1 1 710 81 0 0 0 0
4119 894 0 0 0 0 0 0 0 0
4121 92 0 0 92 11 0 0 0 0
4122 276 0 0 92 21 0 0 0 0
4125 355 0 0 0 0 0 0 0 0
4128 702 0 0 351 17 0 0 0 0
4131 12 0 0 4 0 0 4 0 0
4133 12 0 0 8 0 0 0 0 0
4135 4 0 0 0 0 0 4 0 0
4136 12 0 0 4 0 0 4 0 0
4138 355 0 0 355 88 0 0 0 0
4139 710 0 0 355 0 0 0 0 0
4144 321 1 1 0 0 0 107 13 0
4147 63420 1 1 10570 27 2 0 0 0
4149 42280 0 0 0 0 0 10570 0 0
4150 10570 0 0 0 0 0 10570 127 1
4151 10570 0 0 0 0 0 10570 1 0
4156 21140 0 0 21140 0 0 0 0 0
4157 21140 0 0 0 0 0 0 0 0
4158 298926 0 0 99642 0 0 99642 0 0
4166 31710 0 0 0 0 0 0 0 0
4174 3 0 0 0 0 0 0 0 0
4183 1165286 2 1 0 0 0 0 0 0
4185 244 0 0 61 0 0 0 0 0
4188 183 0 0 61 33 5 0 0 0
4189 12 0 0 6 0 0 0 0 0
4192 6 1 1 6 0 0 0 0 0
4193 18 0 0 3 0 0 0 0 0
4199 6 0 0 3 0 0 0 0 0
4204 6 0 0 0 0 0 0 0 0
4205 9 1 1 0 0 0 6 0 0
4208 9 0 0 3 0 0 0 0 0
4217 3 0 0 0 0 0 0 0 0
4221 12 0 0 3 0 0 0 0 0
4222 6 0 0 3 0 0 0 0 0
4225 3 0 0 0 0 0 3 2 0
4226 3 0 0 0 0 0 3 0 0
4227 3 0 0 0 0 0 3 0 0
4228 6 1 1 0 0 0 0 0 0
4230 4 0 0 0 0 0 2 0 0
4233 24 0 0 0 0 0 3 0 0
4235 9 0 0 0 0 0 3 0 0
4236 3 0 0 0 0 0 3 0 0
4239 3 0 0 0 0 0 0 0 0
4256 1165280 2 1 582640 0 0 0 0 0
4257 1165280 0 0 0 0 0 0 0 0
4258 1165280 0 0 0 0 0 0 0 0
4259 1165280 0 0 582640 8 1 0 0 0
4260 1747920 0 0 0 0 0 0 0 0
4265 1167630 2 1 0 0 0 0 0 0
4269 4657360 1 1 0 0 0 0 0 0
4272 6403766 3 3 1746463 0 0 0 0 0
4274 148 0 0 0 0 0 0 0 0
4275 74 0 0 0 0 0 0 0 0
4279 3654 0 0 0 0 0 0 0 0
4281 1056 0 0 0 0 0 0 0 0
4283 2112 0 0 0 0 0 0 0 0
4287 771 0 0 771 19 7 0 0 0
4290 1542 0 0 0 0 0 0 0 0
4292 1470 1 1 0 0 0 294 0 0
4293 294 0 0 0 0 0 0 0 0
4294 294 0 0 0 0 0 0 0 0
4299 1431 1 1 954 11 1 0 0 0
4302 954 0 0 0 0 0 0 0 0
4304 954 0 0 0 0 0 0 0 0
4307 1908 0 0 0 0 0 1431 5 2
4310 1908 0 0 954 0 0 0 0 0
4312 425 0 0 425 0 0 0 0 0
4313 1275 0 0 0 0 0 0 0 0
4320 52 0 0 0 0 0 0 0 0
4325 208 1 1 52 0 0 0 0 0
4326 104 0 0 52 1 0 0 0 0
4329 52 0 0 0 0 0 52 37 25
4330 52 0 0 0 0 0 52 0 0
4331 52 0 0 0 0 0 52 0 0
4334 104 0 0 0 0 0 0 0 0
4335 27 0 0 0 0 0 27 0 0
4336 104 0 0 0 0 0 0 0 0
4338 96 1 1 0 0 0 48 9 6
4341 416 0 0 0 0 0 52 0 0
4343 156 0 0 0 0 0 52 8 6
4344 52 0 0 0 0 0 52 0 0
4347 477 0 0 0 0 0 0 0 0
4369 582163 0 0 582163 0 0 0 0 0
4370 1164326 0 0 582163 16 1 0 0 0
4372 1164326 0 0 582163 6 1 0 0 0
4375 1747863 1 1 0 0 0 1374 0 0
4377 581476 0 0 0 0 0 0 0 0
4378 1162952 2 1 581476 0 0 0 0 0
4379 581476 0 0 0 0 0 581476 0 0
4380 4651808 3 3 0 0 0 581476 0 0
4382 1162952 0 0 0 0 0 581476 536044 536040
4385 581476 0 0 0 0 0 0 0 0
4392 2061 0 0 687 0 0 0 0 0
4394 710 0 0 0 0 0 355 236 0
4396 1420 0 0 710 0 0 0 0 0
4397 1363888 0 0 355 0 0 355 0 0
4399 10221555 6 3 0 0 0 6132933 3 2
4407 1660 2 1 332 0 0 332 11 1
4408 664 0 0 0 0 0 0 0 0
4413 6134319 2 2 4771137 1 1 0 0 0
fn=free
3352 6035700 1 1 0 0 0 3017850 103 3
3356 3017850 0 0 0 0 0 0 0 0
3364 3017850 0 0 3017850 77 14 0 0 0
3366 1508925 0 0 0 0 0 0 0 0
3368 4526775 1 1 1508925 179115 150878 0 0 0
3372 24 0 0 8 8 3 0 0 0
3374 32 0 0 8 7 2 0 0 0
3376 16 0 0 0 0 0 8 0 0
3377 16 2 2 0 0 0 8 0 0
3378 8 0 0 0 0 0 0 0 0
3381 16 0 0 0 0 0 8 5 0
3385 4526751 0 0 3017834 60 10 0 0 0
3391 3017834 1 1 0 0 0 1508917 51 5
3394 1508925 0 0 0 0 0 1508925 2 2
3395 6035700 0 0 4526775 2 2 0 0 0
fn=malloc
1343 3017854 1 0 0 0 0 0 0 0
1362 7544633 2 2 0 0 0 0 0 0
3193 1654674 0 0 827337 16 6 0 0 0
3194 1654674 0 0 0 0 0 0 0 0
3196 3309348 0 0 827337 1251 10 827337 0 0
3197 1654674 0 0 0 0 0 827337 0 0
3198 827337 0 0 0 0 0 827337 0 0
3241 4 0 0 2 0 0 1 0 0
3287 9053562 1 1 0 0 0 4526781 7 0
3294 3017854 0 0 1508927 20 3 0 0 0
3304 4526775 1 1 0 0 0 0 0 0
3306 6035708 0 0 3017854 40 4 0 0 0
3309 3017854 0 0 1508927 20 2 0 0 0
3311 4526607 1 1 1508869 16 5 0 0 0
3319 2044770 1 1 681590 18 1 0 0 0
3321 2726360 2 1 0 0 0 681590 0 0
3322 3407950 0 0 681590 1 1 0 0 0
3347 7544635 0 0 6035708 1 1 0 0 0
fn=malloc_consolidate
4715 2880 1 1 0 0 0 2160 63 1
4730 360 0 0 0 0 0 360 0 0
4732 720 0 0 0 0 0 360 299 2
4743 360 1 1 0 0 0 0 0 0
4745 7200 0 0 7200 6 4 0 0 0
4746 7200 0 0 0 0 0 0 0 0
4749 1363256 1 1 0 0 0 0 0 0
4753 2044884 0 0 681628 567571 434440 0 0 0
4754 2726512 0 0 0 0 0 0 0 0
4759 3408140 1 1 681628 171262 144948 0 0 0
4762 1363256 0 0 0 0 0 0 0 0
4763 681628 0 0 0 0 0 0 0 0
4764 2044884 0 0 681628 299745 205391 0 0 0
4766 1363256 0 0 0 0 0 0 0 0
4767 247949 0 0 247949 0 0 0 0 0
4768 247949 0 0 0 0 0 0 0 0
4769 247949 0 0 0 0 0 0 0 0
4770 991796 0 0 247949 59397 48627 0 0 0
4772 2479490 0 0 991796 0 0 1239745 35 2
4775 1363256 1 1 681628 1 1 0 0 0
4778 1363256 4 4 681628 550881 514569 0 0 0
4779 432918 1 1 0 0 0 0 0 0
4780 3030426 0 0 865836 0 0 1298754 1 0
4782 497420 0 0 0 0 0 248710 0 0
4784 681628 0 0 681628 0 0 0 0 0
4785 1363256 0 0 0 0 0 681628 0 0
4786 1363256 0 0 681628 0 0 681628 0 0
4788 1363256 0 0 0 0 0 0 0 0
4789 230244 0 0 0 0 0 115122 2231 2016
4793 2044884 0 0 0 0 0 681628 0 0
4795 681628 0 0 0 0 0 681628 0 0
4796 1114546 0 0 0 0 0 681628 0 0
4805 2044519 0 0 0 0 0 0 0 0
4808 10800 0 0 3600 0 0 0 0 0
4809 2880 0 0 2520 3 3 0 0 0
fn=munmap_chunk
3044 8 2 2 0 0 0 0 0 0
3045 16 0 0 16 16 6 0 0 0
3046 24 0 0 8 0 0 0 0 0
3048 16 0 0 0 0 0 0 0 0
3050 8 0 0 0 0 0 0 0 0
3051 16 0 0 8 0 0 0 0 0
3052 16 2 2 8 0 0 0 0 0
3058 32 0 0 0 0 0 0 0 0
3059 40 0 0 0 0 0 0 0 0
3062 8 0 0 16 0 0 0 0 0
3063 24 0 0 16 0 0 0 0 0
3068 16 2 2 0 0 0 0 0 0
3069 8 0 0 0 0 0 0 0 0
fn=ptmalloc_init.part.0
1966 385 1 1 0 0 0 0 0 0
1969 381 0 0 0 0 0 127 33 32
1977 1 0 0 0 0 0 1 1 1
1978 1 0 0 0 0 0 1 1 1
1980 1 0 0 0 0 0 1 0 0
3162 7 1 1 0 0 0 1 0 0
fn=sysmalloc
2028 52 0 0 13 0 0 0 0 0
2548 2988 2 1 0 0 0 1992 18 0
2568 1328 0 0 996 658 2 332 11 2
2579 664 2 1 0 0 0 0 0 0
2580 988 0 0 332 329 1 324 13 0
2581 24 0 0 16 8 0 0 0 0
2585 40 0 0 8 0 0 0 0 0
2594 32 0 0 0 0 0 8 6 0
2595 16 0 0 0 0 0 0 0 0
2606 324 0 0 324 0 0 0 0 0
2607 972 0 0 324 0 0 0 0 0
2608 324 0 0 0 0 0 0 0 0
2610 24 2 1 0 0 0 0 0 0
2617 3557 1 0 0 0 0 0 0 0
2623 972 1 1 0 0 0 0 0 0
2626 972 0 0 0 0 0 0 0 0
2687 648 2 1 324 0 0 0 0 0
2696 1296 0 0 324 0 0 0 0 0
2709 972 0 0 324 321 1 0 0 0
2713 3 1 1 0 0 0 1 0 0
2717 1620 0 0 0 0 0 324 0 0
2725 648 2 1 0 0 0 0 0 0
2727 648 2 1 0 0 0 324 0 0
2728 972 0 0 324 0 0 0 0 0
2729 648 3 3 324 0 0 0 0 0
2730 324 0 0 0 0 0 0 0 0
2733 648 0 0 0 0 0 0 0 0
2746 1248 0 0 312 0 0 0 0 0
2752 2496 0 0 0 0 0 624 0 0
2754 936 0 0 312 0 0 0 0 0
2758 312 0 0 312 0 0 0 0 0
2762 624 0 0 0 0 0 0 0 0
2764 648 2 1 324 1 0 0 0 0
2765 2 1 1 0 0 0 1 0 0
2766 996 0 0 336 0 0 324 0 0
2772 2230 2 1 0 0 0 0 0 0
2773 44 0 0 0 0 0 11 0 0
2775 628 3 3 313 0 0 0 0 0
2802 312 0 0 0 0 0 0 0 0
2815 3 1 1 0 0 0 0 0 0
2837 2 0 0 0 0 0 0 0 0
2838 7 0 0 0 0 0 0 0 0
2840 2 1 1 0 0 0 0 0 0
2841 4 0 0 0 0 0 2 0 0
2853 3 0 0 1 0 0 0 0 0
2867 624 0 0 0 0 0 0 0 0
2886 624 0 0 0 0 0 0 0 0
2895 313 0 0 0 0 0 313 0 0
2896 1252 0 0 0 0 0 313 313 313
2897 317 1 1 2 0 0 313 0 0
2908 626 2 2 0 0 0 0 0 0
2915 624 0 0 0 0 0 0 0 0
2916 936 0 0 0 0 0 312 0 0
2924 312 0 0 0 0 0 312 185 185
2926 312 0 0 0 0 0 312 0 0
2931 624 0 0 0 0 0 0 0 0
2933 1235 1 1 0 0 0 247 0 0
2941 895 2 1 571 0 0 0 0 0
2942 324 0 0 0 0 0 324 0 0
2946 505 0 0 258 0 0 0 0 0
2947 648 0 0 324 0 0 0 0 0
2950 648 0 0 0 0 0 0 0 0
2952 324 0 0 0 0 0 0 0 0
2953 324 0 0 0 0 0 0 0 0
2954 324 0 0 0 0 0 324 0 0
2955 2592 2 1 0 0 0 324 0 0
2956 648 0 0 0 0 0 324 320 320
2958 648 0 0 0 0 0 0 0 0
2964 3652 2 1 2988 0 0 0 0 0
fn=sysmalloc_mmap.constprop.0
2028 32 0 0 8 0 0 0 0 0
2420 24 1 1 0 0 0 24 2 1
2433 24 0 0 0 0 0 0 0 0
2438 16 1 1 0 0 0 0 0 0
2441 80 0 0 0 0 0 8 6 0
2444 16 1 1 0 0 0 0 0 0
2448 16 0 0 0 0 0 0 0 0
2466 24 0 0 0 0 0 0 0 0
2484 8 0 0 0 0 0 8 8 8
2485 24 0 0 0 0 0 8 0 0
2489 24 1 1 16 0 0 0 0 0
2490 28 0 0 10 0 0 0 0 0
2493 24 0 0 16 0 0 0 0 0
2494 40 1 1 16 0 0 0 0 0
2499 40 0 0 32 0 0 0 0 0
fn=sysmalloc_mmap_fallback.constprop.0
2028 1248 1 1 312 0 0 0 0 0
2508 2808 1 1 0 0 0 1560 0 0
2512 312 0 0 312 0 0 0 0 0
2515 624 0 0 312 0 0 0 0 0
2516 5 0 0 0 0 0 0 0 0
2519 624 0 0 0 0 0 0 0 0
2523 624 1 1 0 0 0 0 0 0
2524 312 0 0 0 0 0 0 0 0
2526 2808 0 0 0 0 0 312 0 0
2529 624 0 0 0 0 0 0 0 0
2533 624 0 0 0 0 0 0 0 0
2540 312 0 0 312 0 0 0 0 0
2542 312 0 0 0 0 0 312 0 0
2544 2184 0 0 1872 0 0 0 0 0
fn=systrim.constprop.0
2977 3 0 0 0 0 0 3 0 0
2986 3 1 1 2 0 0 0 0 0
2988 1 0 0 0 0 0 0 0 0
2989 2 0 0 0 0 0 0 0 0
2994 3 0 0 1 1 0 0 0 0
2995 1 0 0 0 0 0 0 0 0
2998 5 0 0 2 2 0 0 0 0
3000 2 0 0 0 0 0 0 0 0
3007 3 1 1 0 0 0 1 0 0
3008 4 0 0 1 0 0 0 0 0
3020 3 0 0 0 0 0 1 0 0
3021 2 0 0 0 0 0 1 0 0
3023 1 0 0 0 0 0 0 0 0
3025 2 0 0 0 0 0 0 0 0
3029 2 0 0 0 0 0 0 0 0
3032 1 0 0 1 0 0 0 0 0
3033 4 0 0 1 0 0 1 0 0
3035 2 0 0 0 0 0 0 0 0
3040 4 0 0 4 0 0 0 0 0
fn=tcache_init.part.0
3235 3 1 1 0 0 0 2 0 0
3244 8 0 0 3 0 0 0 0 0
3245 4 1 1 0 0 0 1 0 0
3246 2 0 0 0 0 0 0 0 0
3254 4 0 0 2 0 0 0 0 0
3261 2 0 0 0 0 0 0 0 0
3263 2 0 0 1 0 0 1 0 0
3264 88 1 1 0 0 0 81 9 9
3267 4 0 0 3 0 0 0 0 0
fn=unlink_chunk.constprop.0
1626 681381 1 1 0 0 0 0 0 0
1628 3406905 0 0 1362762 11 2 0 0 0
1631 3406905 1 1 1362762 8123 3334 0 0 0
1632 681381 0 0 681381 0 0 0 0 0
1634 2725524 0 0 1362762 560161 484711 0 0 0
1637 681381 0 0 0 0 0 681381 0 0
1638 681381 0 0 0 0 0 681381 0 0
1639 1707399 0 0 114879 2429 1665 0 0 0
1641 286 0 0 143 5 5 0 0 0
1642 858 1 1 286 0 0 0 0 0
1645 286 0 0 143 24 10 0 0 0
1647 54 0 0 0 0 0 0 0 0
1648 54 0 0 0 0 0 27 0 0
1659 116 0 0 0 0 0 116 0 0
1660 232 0 0 116 0 0 116 0 0
1663 1362762 0 0 681381 0 0 0 0 0
fl=./malloc/./malloc/morecore.c
fn=__glibc_morecore
25 656 4 2 0 0 0 0 0 0
26 656 0 0 328 0 0 0 0 0
27 312 0 0 0 0 0 0 0 0
29 328 0 0 0 0 0 328 245 2
30 656 0 0 0 0 0 0 0 0
34 656 0 0 328 0 0 0 0 0
fl=./malloc/./malloc/scratch_buffer_set_array_size.c
fn=__libc_scratch_buffer_set_array_size
30 50 2 2 0 0 0 15 0 0
34 5 0 0 0 0 0 0 0 0
35 10 0 0 0 0 0 0 0 0
45 10 0 0 5 0 0 0 0 0
46 5 0 0 0 0 0 0 0 0
63 20 1 1 20 0 0 0 0 0
fl=./math/../sysdeps/x86_64/fpu/multiarch/e_asin.c
fn=__acos_finite@GLIBC_2.15
35 1 1 1 0 0 0 0 0 0
fn=__asin_finite@GLIBC_2.15
27 2 1 1 1 0 0 0 0 0
fl=./math/../sysdeps/x86_64/fpu/multiarch/e_atan2.c
fn=__atan2_finite@GLIBC_2.15
26 2 1 1 1 0 0 0 0 0
fl=./math/../sysdeps/x86_64/fpu/multiarch/e_exp.c
fn=__exp_finite@GLIBC_2.15
27 2 2 2 1 0 0 0 0 0
fl=./math/../sysdeps/x86_64/fpu/multiarch/e_exp2f.c
fn=exp2f@@GLIBC_2.27
27 2 1 1 1 0 0 0 0 0
fl=./math/../sysdeps/x86_64/fpu/multiarch/e_expf.c
fn=expf@@GLIBC_2.27
27 2 1 1 1 0 0 0 0 0
fl=./math/../sysdeps/x86_64/fpu/multiarch/e_log.c
fn=__log_finite@GLIBC_2.15
27 2 2 2 1 0 0 0 0 0
fl=./math/../sysdeps/x86_64/fpu/multiarch/e_log2f.c
fn=log2f@@GLIBC_2.27
27 2 1 1 1 0 0 0 0 0
fl=./math/../sysdeps/x86_64/fpu/multiarch/e_logf.c
fn=logf@@GLIBC_2.27
27 2 1 1 1 0 0 0 0 0
fl=./math/../sysdeps/x86_64/fpu/multiarch/e_pow.c
fn=__pow_finite@GLIBC_2.15
27 2 1 1 1 0 0 0 0 0
fl=./math/../sysdeps/x86_64/fpu/multiarch/e_powf.c
fn=powf@@GLIBC_2.27
30 1 1 1 0 0 0 0 0 0
fl=./math/../sysdeps/x86_64/fpu/multiarch/ifunc-avx-fma4.h
fn=__atan2_finite@GLIBC_2.15
32 5 1 1 2 0 0 0 0 0
33 2 0 0 1 0 0 0 0 0
fn=__exp_finite@GLIBC_2.15
32 5 0 0 2 0 0 0 0 0
33 2 0 0 1 0 0 0 0 0
fn=__log_finite@GLIBC_2.15
32 5 0 0 2 0 0 0 0 0
33 2 0 0 1 0 0 0 0 0
fn=cos
32 5 1 1 2 0 0 0 0 0
33 2 0 0 1 0 0 0 0 0
fn=sin
32 5 0 0 2 0 0 0 0 0
33 2 0 0 1 0 0 0 0 0
fl=./math/../sysdeps/x86_64/fpu/multiarch/ifunc-fma.h
fn=cosf
29 4 1 1 2 0 0 0 0 0
30 3 0 0 1 0 0 0 0 0
fn=exp2f@@GLIBC_2.27
29 4 0 0 2 0 0 0 0 0
30 3 1 1 1 0 0 0 0 0
fn=expf@@GLIBC_2.27
29 4 1 1 2 0 0 0 0 0
30 3 0 0 1 0 0 0 0 0
fn=log2f@@GLIBC_2.27
29 4 0 0 2 0 0 0 0 0
30 3 1 1 1 0 0 0 0 0
fn=logf@@GLIBC_2.27
29 4 0 0 2 0 0 0 0 0
30 3 0 0 1 0 0 0 0 0
fn=powf@@GLIBC_2.27
29 4 0 0 2 0 0 0 0 0
30 4 0 0 2 0 0 0 0 0
fn=sincosf
29 4 1 1 2 0 0 0 0 0
30 3 0 0 1 0 0 0 0 0
fn=sinf
29 4 0 0 2 0 0 0 0 0
30 3 0 0 1 0 0 0 0 0
fl=./math/../sysdeps/x86_64/fpu/multiarch/ifunc-fma4.h
fn=__acos_finite@GLIBC_2.15
31 4 0 0 2 0 0 0 0 0
32 2 1 1 1 0 0 0 0 0
35 1 0 0 1 0 0 0 0 0
fn=__asin_finite@GLIBC_2.15
31 4 0 0 2 0 0 0 0 0
32 2 0 0 1 0 0 0 0 0
fn=__pow_finite@GLIBC_2.15
31 4 0 0 2 0 0 0 0 0
32 2 0 0 1 0 0 0 0 0
fl=./math/../sysdeps/x86_64/fpu/multiarch/s_cosf.c
fn=cosf
26 2 1 1 1 0 0 0 0 0
fl=./math/../sysdeps/x86_64/fpu/multiarch/s_fma.c
fn=fma
49 6 1 1 3 0 0 0 0 0
fl=./math/../sysdeps/x86_64/fpu/multiarch/s_sin.c
fn=cos
34 2 1 1 1 0 0 0 0 0
fn=sin
27 2 1 1 1 0 0 0 0 0
fl=./math/../sysdeps/x86_64/fpu/multiarch/s_sincosf.c
fn=sincosf
26 2 1 1 1 0 0 0 0 0
fl=./math/../sysdeps/x86_64/fpu/multiarch/s_sinf.c
fn=sinf
26 2 1 1 1 0 0 0 0 0
fl=./misc/../sysdeps/unix/syscall-template.S
fn=mprotect
117 45 1 1 0 0 0 0 0 0
122 9 0 0 9 0 0 0 0 0
fn=munmap
117 45 5 5 0 0 0 0 0 0
122 9 0 0 9 0 0 0 0 0
fl=./misc/../sysdeps/unix/sysv/linux/brk.c
fn=brk
35 326 2 1 0 0 0 0 0 0
36 1304 0 0 326 0 0 326 0 0
37 652 0 0 0 0 0 0 0 0
39 624 0 0 312 0 0 312 0 0
40 624 0 0 312 0 0 0 0 0
43 14 0 0 0 0 0 0 0 0
44 14 0 0 14 0 0 0 0 0
fl=./misc/../sysdeps/unix/sysv/linux/mmap64.c
fn=mmap
47 692 2 2 0 0 0 0 0 0
50 692 0 0 0 0 0 0 0 0
58 1384 0 0 0 0 0 0 0 0
60 346 0 0 346 0 0 0 0 0
fl=./misc/./misc/init-misc.c
fn=__init_misc
30 5 2 2 0 0 0 2 0 0
31 5 0 0 1 0 0 0 0 0
33 3 0 0 0 0 0 1 0 0
37 5 0 0 1 0 0 1 1 0
38 3 0 0 2 0 0 1 0 0
40 4 0 0 3 0 0 0 0 0
fl=./misc/./misc/sbrk.c
fn=sbrk
37 1640 2 1 0 0 0 984 9 0
40 656 0 0 656 648 4 0 0 0
43 656 0 0 328 324 2 0 0 0
58 656 2 1 0 0 0 0 0 0
59 4 0 0 0 0 0 1 0 0
60 312 0 0 0 0 0 0 0 0
62 656 0 0 0 0 0 0 0 0
63 4 0 0 4 0 0 0 0 0
66 1300 2 1 0 0 0 0 0 0
68 2 0 0 0 0 0 0 0 0
74 975 0 0 0 0 0 325 70 0
78 1640 1 1 1312 0 0 0 0 0
fl=./nptl/../sysdeps/nptl/futex-internal.h
fn=__pthread_once_slow
146 1 0 0 0 0 0 0 0 0
147 1 0 0 0 0 0 0 0 0
209 8 0 0 0 0 0 0 0 0
fl=./nptl/../sysdeps/unix/sysv/linux/x86/elision-conf.c
fn=__lll_elision_init
96 6 1 1 1 0 0 2 0 0
101 5 1 1 0 0 0 1 0 0
103 4 0 0 0 0 0 1 0 0
105 4 0 0 0 0 0 1 0 0
107 4 0 0 0 0 0 1 0 0
109 4 1 1 0 0 0 1 0 0
113 3 0 0 1 1 1 0 0 0
114 1 0 0 0 0 0 1 1 1
115 6 0 0 4 0 0 0 0 0
fl=./nptl/./nptl/cleanup_compat.c
fn=_pthread_cleanup_pop@@GLIBC_2.34
40 1 1 1 0 0 0 0 0 0
43 2 0 0 1 0 0 1 0 0
47 2 0 0 0 0 0 0 0 0
49 1 0 0 1 0 0 0 0 0
fn=_pthread_cleanup_push@@GLIBC_2.34
25 1 1 1 0 0 0 0 0 0
28 1 0 0 0 0 0 1 0 0
29 1 0 0 0 0 0 1 0 0
30 2 0 0 1 1 0 1 0 0
32 1 0 0 0 0 0 1 0 0
33 1 0 0 1 0 0 0 0 0
fl=./nptl/./nptl/libc-cleanup.c
fn=__libc_cleanup_pop_restore
39 2 1 1 0 0 0 0 0 0
42 4 0 0 2 0 0 2 0 0
44 4 0 0 2 0 0 2 0 0
45 4 0 0 0 0 0 0 0 0
47 2 0 0 2 0 0 0 0 0
fn=__libc_cleanup_push_defer
24 2 1 1 0 0 0 0 0 0
27 4 0 0 2 0 0 2 0 0
30 8 0 0 2 1 1 2 0 0
31 2 0 0 0 0 0 2 0 0
33 2 0 0 0 0 0 2 0 0
34 2 0 0 2 0 0 0 0 0
fl=./nptl/./nptl/pthread_mutex_conf.c
fn=__pthread_tunables_init
50 6 2 2 1 0 0 2 0 0
51 5 0 0 0 0 0 1 0 0
53 4 0 0 0 0 0 1 0 0
55 6 0 0 4 0 0 0 0 0
fl=./nptl/./nptl/pthread_mutex_lock.c
fn=pthread_mutex_lock@@GLIBC_2.2.5
44 1 1 1 1 0 0 0 0 0
45 8 0 0 2 0 0 0 0 0
46 1 0 0 0 0 0 1 0 0
77 3 1 1 0 0 0 1 0 0
80 3 0 0 1 0 0 0 0 0
82 1 0 0 0 0 0 0 0 0
84 2 1 1 0 0 0 0 0 0
88 2 0 0 0 0 0 0 0 0
97 2 1 1 0 0 0 0 0 0
108 4 1 1 1 0 0 0 0 0
112 1 0 0 1 1 1 0 0 0
115 2 0 0 1 0 0 0 0 0
130 3 0 0 1 0 0 0 0 0
131 2 1 1 0 0 0 1 0 0
167 1 1 1 1 0 0 0 0 0
170 1 0 0 0 0 0 1 0 0
172 1 0 0 1 0 0 0 0 0
175 1 0 0 0 0 0 0 0 0
177 1 0 0 0 0 0 0 0 0
178 3 0 0 2 0 0 0 0 0
fl=./nptl/./nptl/pthread_mutex_unlock.c
fn=pthread_mutex_unlock@@GLIBC_2.2.5
39 1 0 0 1 0 0 0 0 0
40 5 0 0 1 0 0 0 0 0
41 2 0 0 0 0 0 1 0 0
51 3 0 0 1 0 0 0 0 0
52 2 1 1 0 0 0 0 0 0
57 2 0 0 0 0 0 0 0 0
62 1 0 0 0 0 0 1 0 0
65 1 0 0 1 0 0 0 0 0
70 1 0 0 0 0 0 0 0 0
74 2 1 1 0 0 0 0 0 0
80 4 1 1 1 0 0 0 0 0
84 3 0 0 2 0 0 0 0 0
87 3 1 1 1 0 0 0 0 0
367 2 1 1 0 0 0 0 0 0
369 2 0 0 1 0 0 0 0 0
fl=./nptl/./nptl/pthread_once.c
fn=__pthread_once_slow
68 9 1 1 1 0 0 4 0 0
76 1 0 0 1 0 0 0 0 0
80 2 0 0 0 0 0 0 0 0
88 2 1 1 1 1 1 0 0 0
92 2 0 0 1 0 0 0 0 0
101 4 0 0 0 0 0 0 0 0
114 13 2 2 0 0 0 7 0 0
116 1 0 0 0 0 0 1 0 0
118 3 0 0 0 0 0 1 0 0
124 1 1 1 0 0 0 1 0 0
132 9 0 0 6 0 0 0 0 0
fn=pthread_once@@GLIBC_2.34
136 14 1 1 0 0 0 0 0 0
139 14 0 0 14 1 1 0 0 0
140 28 0 0 0 0 0 0 0 0
143 1 0 0 0 0 0 0 0 0
144 26 0 0 13 0 0 0 0 0
fl=./posix/../malloc/dynarray-skeleton.c
fn=__unregister_atfork
243 5 0 0 5 0 0 0 0 0
fl=./posix/../sysdeps/unix/syscall-template.S
fn=uname
120 5 1 1 0 0 0 0 0 0
122 1 0 0 1 0 0 0 0 0
fl=./posix/../sysdeps/unix/sysv/linux/_exit.c
fn=_Exit
27 2 1 1 1 0 0 0 0 0
30 3 0 0 0 0 0 0 0 0
31 2 0 0 0 0 0 0 0 0
fl=./posix/./posix/register-atfork.c
fn=__unregister_atfork
65 10 0 0 0 0 0 0 0 0
76 15 1 1 0 0 0 5 0 0
77 20 0 0 5 1 1 0 0 0
103 20 1 1 10 0 0 0 0 0
104 10 0 0 10 0 0 0 0 0
fl=./resource/../sysdeps/unix/sysv/linux/getrlimit64.c
fn=getrlimit
38 2 1 1 0 0 0 0 0 0
39 7 0 0 0 0 0 0 0 0
40 1 0 0 1 0 0 0 0 0
fl=./setjmp/../sysdeps/x86_64/bsd-_setjmp.S
fn=_setjmp
28 1 1 1 0 0 0 0 0 0
30 1 0 0 0 0 0 0 0 0
32 1 0 0 0 0 0 0 0 0
fl=./setjmp/../sysdeps/x86_64/setjmp.S
fn=__sigsetjmp
30 13 2 2 0 0 0 0 0 0
32 13 0 0 0 0 0 13 0 0
41 13 0 0 0 0 0 0 0 0
42 26 1 1 13 0 0 0 0 0
43 13 0 0 0 0 0 13 0 0
47 13 0 0 0 0 0 13 1 1
48 13 0 0 0 0 0 13 0 0
49 13 0 0 0 0 0 13 0 0
50 13 0 0 0 0 0 13 0 0
51 13 0 0 0 0 0 0 0 0
53 26 1 1 13 0 0 0 0 0
55 13 0 0 0 0 0 13 0 0
56 13 0 0 13 0 0 0 0 0
57 13 0 0 0 0 0 0 0 0
59 26 0 0 13 0 0 0 0 0
61 13 1 1 0 0 0 13 0 0
66 1 0 0 1 1 0 0 0 0
67 1 0 0 0 0 0 0 0 0
69 12 0 0 0 0 0 0 0 0
72 12 0 0 0 0 0 0 0 0
73 12 0 0 0 0 0 12 1 1
80 12 0 0 0 0 0 0 0 0
81 12 0 0 12 0 0 0 0 0
84 1 1 1 0 0 0 0 0 0
fl=./setjmp/./setjmp/sigjmp.c
fn=__sigjmp_save
28 3 0 0 0 0 0 1 0 0
29 1 0 0 0 0 0 1 0 0
30 2 0 0 0 0 0 0 0 0
34 3 0 0 2 0 0 0 0 0
fl=./stdlib/../sysdeps/unix/sysv/linux/getrandom.c
fn=getrandom
28 1 1 1 0 0 0 0 0 0
29 7 1 1 1 0 0 0 0 0
30 1 0 0 1 0 0 0 0 0
fl=./stdlib/./stdlib/cxa_atexit.c
fn=__cxa_atexit
41 28 0 0 0 0 0 0 0 0
43 84 0 0 14 2 0 0 0 0
44 28 2 1 0 0 0 14 0 0
46 28 0 0 0 0 0 0 0 0
53 42 0 0 14 0 0 0 0 0
55 14 0 0 0 0 0 14 0 0
56 28 0 0 14 0 0 14 7 4
58 14 0 0 0 0 0 14 0 0
59 56 2 1 28 0 0 0 0 0
60 14 0 0 0 0 0 0 0 0
69 126 2 1 0 0 0 56 0 0
71 84 0 0 56 0 0 0 0 0
fn=__new_exitfn
82 70 2 1 0 0 0 28 0 0
83 28 0 0 0 0 0 0 0 0
88 28 0 0 14 0 0 0 0 0
93 60 0 0 15 2 0 0 0 0
95 56 2 1 14 2 0 0 0 0
96 65 0 0 13 1 0 0 0 0
103 1 0 0 0 0 0 1 0 0
106 26 1 0 0 0 0 0 0 0
124 1 0 0 0 0 0 0 0 0
125 2 1 1 0 0 0 1 0 0
131 39 0 0 0 0 0 0 0 0
132 26 0 0 0 0 0 13 0 0
138 14 1 1 0 0 0 14 1 0
139 14 0 0 14 0 0 0 0 0
143 70 0 0 42 0 0 0 0 0
fl=./stdlib/./stdlib/cxa_finalize.c
fn=__cxa_finalize
30 45 1 1 0 0 0 30 0 0
33 30 1 1 5 0 0 0 0 0
36 30 1 1 10 0 0 0 0 0
40 176 0 0 5 0 0 0 0 0
41 108 1 1 54 3 3 0 0 0
43 9 0 0 9 0 0 0 0 0
45 9 0 0 9 0 0 0 0 0
76 9 0 0 0 0 0 9 0 0
79 27 1 1 18 0 0 0 0 0
82 36 0 0 18 0 0 0 0 0
83 27 0 0 0 0 0 9 0 0
84 36 0 0 9 0 0 0 0 0
88 18 0 0 9 0 0 0 0 0
94 35 1 1 10 1 1 0 0 0
98 30 0 0 5 1 1 0 0 0
105 10 0 0 0 0 0 0 0 0
106 10 0 0 0 0 0 5 0 0
107 20 0 0 10 0 0 0 0 0
108 40 1 1 35 0 0 0 0 0
fl=./stdlib/./stdlib/cxa_thread_atexit_impl.c
fn=__call_tls_dtors
149 4 1 1 0 0 0 2 0 0
150 4 0 0 2 2 2 0 0 0
168 4 1 1 3 0 0 0 0 0
fl=./stdlib/./stdlib/exit.c
fn=__run_exit_handlers
40 11 1 1 0 0 0 7 0 0
45 2 0 0 0 0 0 0 0 0
46 2 0 0 0 0 0 1 1 1
48 5 1 1 1 1 1 0 0 0
56 1 0 0 1 1 1 0 0 0
58 3 0 0 0 0 0 0 0 0
62 1 0 0 0 0 0 1 0 0
66 36 0 0 6 1 1 0 0 0
68 28 0 0 0 0 0 14 0 0
71 116 1 1 14 3 3 0 0 0
98 1 0 0 0 0 0 0 0 0
105 10 1 1 0 0 0 5 0 0
106 5 0 0 5 0 0 0 0 0
107 5 0 0 5 1 1 0 0 0
109 10 1 1 5 0 0 0 0 0
112 20 0 0 10 0 0 0 0 0
113 15 0 0 0 0 0 5 0 0
114 20 0 0 5 0 0 0 0 0
124 2 1 1 1 0 0 1 0 0
125 2 0 0 0 0 0 0 0 0
131 4 0 0 2 0 0 0 0 0
133 2 0 0 1 0 0 0 0 0
134 9 1 1 1 1 1 1 0 0
136 2 0 0 0 0 0 1 0 0
fn=exit
142 4 1 1 1 0 0 1 0 0
143 4 1 1 0 0 0 1 0 0
fl=./string/../include/rtld-malloc.h
fn=strdup
56 12 0 0 6 0 0 6 0 0
fl=./string/../sysdeps/x86/cacheinfo.c
fn=__x86_cacheinfo
86 3 1 1 1 0 0 0 0 0
fl=./string/../sysdeps/x86/cacheinfo.h
fn=__x86_cacheinfo
61 1 0 0 1 0 0 0 0 0
64 3 0 0 1 1 0 0 0 0
66 3 0 0 0 0 0 1 0 0
67 1 1 1 0 0 0 1 1 1
73 3 0 0 1 0 0 0 0 0
75 3 0 0 0 0 0 1 0 0
76 1 0 0 0 0 0 1 0 0
80 2 1 1 1 0 0 1 1 1
82 2 0 0 1 0 0 1 1 1
83 2 0 0 1 1 0 1 0 0
84 2 0 0 1 0 0 1 0 0
86 2 0 0 1 0 0 0 0 0
fl=./string/../sysdeps/x86_64/memcmp.S
fn=bcmp
22 1 1 1 0 0 0 0 0 0
27 1 0 0 0 0 0 0 0 0
28 1 0 0 0 0 0 0 0 0
29 1 0 0 0 0 0 0 0 0
30 1 0 0 0 0 0 0 0 0
31 1 0 0 0 0 0 0 0 0
32 1 0 0 0 0 0 0 0 0
33 1 0 0 0 0 0 0 0 0
34 1 0 0 0 0 0 0 0 0
37 1 0 0 0 0 0 0 0 0
38 1 0 0 0 0 0 0 0 0
39 1 1 1 1 0 0 0 0 0
40 1 0 0 1 0 0 0 0 0
41 1 0 0 0 0 0 0 0 0
42 1 0 0 0 0 0 0 0 0
43 1 0 0 0 0 0 0 0 0
44 1 0 0 0 0 0 0 0 0
45 1 0 0 0 0 0 0 0 0
47 1 0 0 0 0 0 0 0 0
48 1 0 0 0 0 0 0 0 0
65 1 1 1 0 0 0 0 0 0
66 1 0 0 0 0 0 0 0 0
83 1 0 0 0 0 0 0 0 0
84 1 0 0 0 0 0 0 0 0
85 1 0 0 1 0 0 0 0 0
86 1 0 0 1 0 0 0 0 0
87 1 0 0 0 0 0 0 0 0
91 1 0 0 0 0 0 0 0 0
93 1 0 0 0 0 0 0 0 0
94 1 0 0 0 0 0 0 0 0
98 1 0 0 0 0 0 0 0 0
138 1 1 1 0 0 0 0 0 0
139 1 0 0 0 0 0 0 0 0
140 1 0 0 0 0 0 0 0 0
141 1 0 0 0 0 0 0 0 0
142 1 0 0 0 0 0 0 0 0
143 1 0 0 0 0 0 0 0 0
144 1 1 1 0 0 0 0 0 0
145 1 0 0 0 0 0 0 0 0
146 1 0 0 0 0 0 0 0 0
147 1 0 0 0 0 0 0 0 0
148 1 0 0 0 0 0 0 0 0
149 1 0 0 0 0 0 0 0 0
150 1 0 0 1 0 0 0 0 0
fl=./string/../sysdeps/x86_64/multiarch/../strchr.S
fn=index
23 27 1 1 0 0 0 0 0 0
24 27 0 0 0 0 0 0 0 0
25 27 0 0 0 0 0 0 0 0
26 27 0 0 0 0 0 0 0 0
27 27 0 0 0 0 0 0 0 0
28 27 0 0 0 0 0 0 0 0
29 27 0 0 0 0 0 0 0 0
30 27 0 0 0 0 0 0 0 0
31 27 0 0 0 0 0 0 0 0
32 26 0 0 26 7 7 0 0 0
33 26 0 0 0 0 0 0 0 0
34 26 1 1 0 0 0 0 0 0
35 26 0 0 0 0 0 0 0 0
36 26 0 0 0 0 0 0 0 0
37 26 0 0 0 0 0 0 0 0
38 26 0 0 0 0 0 0 0 0
39 26 0 0 0 0 0 0 0 0
40 26 0 0 0 0 0 0 0 0
41 22 0 0 0 0 0 0 0 0
45 22 0 0 0 0 0 0 0 0
46 22 0 0 0 0 0 0 0 0
47 22 0 0 22 0 0 0 0 0
48 22 0 0 0 0 0 0 0 0
50 22 0 0 22 0 0 0 0 0
54 4 0 0 4 0 0 0 0 0
55 4 0 0 0 0 0 0 0 0
56 4 0 0 0 0 0 0 0 0
57 4 1 1 0 0 0 0 0 0
58 4 0 0 0 0 0 0 0 0
59 4 0 0 0 0 0 0 0 0
60 4 0 0 4 0 0 0 0 0
61 4 0 0 0 0 0 0 0 0
62 4 0 0 0 0 0 0 0 0
63 4 0 0 0 0 0 0 0 0
64 4 0 0 0 0 0 0 0 0
65 4 0 0 0 0 0 0 0 0
66 4 0 0 0 0 0 0 0 0
67 4 0 0 4 0 0 0 0 0
68 4 0 0 0 0 0 0 0 0
69 4 0 0 0 0 0 0 0 0
70 4 0 0 0 0 0 0 0 0
71 4 0 0 0 0 0 0 0 0
72 4 0 0 0 0 0 0 0 0
73 4 1 1 0 0 0 0 0 0
74 4 0 0 0 0 0 0 0 0
75 4 0 0 0 0 0 0 0 0
76 4 0 0 0 0 0 0 0 0
77 4 0 0 0 0 0 0 0 0
129 5 1 0 0 0 0 0 0 0
133 5 0 0 0 0 0 0 0 0
134 5 0 0 0 0 0 0 0 0
135 5 0 0 5 0 0 0 0 0
136 5 0 0 0 0 0 0 0 0
138 5 0 0 5 0 0 0 0 0
142 1 1 1 0 0 0 0 0 0
143 1 0 0 0 0 0 0 0 0
144 1 0 0 0 0 0 0 0 0
145 1 0 0 0 0 0 0 0 0
146 1 0 0 1 0 0 0 0 0
147 1 0 0 0 0 0 0 0 0
148 1 0 0 0 0 0 0 0 0
149 1 0 0 0 0 0 0 0 0
150 1 1 1 0 0 0 0 0 0
151 1 0 0 0 0 0 0 0 0
152 1 0 0 1 0 0 0 0 0
153 1 0 0 0 0 0 0 0 0
154 1 0 0 0 0 0 0 0 0
155 1 0 0 0 0 0 0 0 0
156 1 0 0 0 0 0 0 0 0
157 1 0 0 0 0 0 0 0 0
158 1 0 0 1 0 0 0 0 0
159 1 0 0 0 0 0 0 0 0
160 1 0 0 0 0 0 0 0 0
161 1 0 0 0 0 0 0 0 0
162 1 0 0 0 0 0 0 0 0
163 1 0 0 0 0 0 0 0 0
164 1 0 0 0 0 0 0 0 0
165 1 1 1 1 0 0 0 0 0
166 1 0 0 0 0 0 0 0 0
167 1 0 0 0 0 0 0 0 0
168 1 0 0 0 0 0 0 0 0
169 1 0 0 0 0 0 0 0 0
170 1 0 0 0 0 0 0 0 0
171 1 0 0 0 0 0 0 0 0
172 1 0 0 0 0 0 0 0 0
173 1 0 0 0 0 0 0 0 0
174 1 0 0 0 0 0 0 0 0
175 1 0 0 0 0 0 0 0 0
176 1 0 0 0 0 0 0 0 0
177 1 0 0 0 0 0 0 0 0
178 1 0 0 0 0 0 0 0 0
179 1 0 0 0 0 0 0 0 0
fl=./string/../sysdeps/x86_64/multiarch/ifunc-avx2.h
fn=memrchr
32 2 0 0 0 0 0 0 0 0
33 5 1 1 2 0 0 0 0 0
34 3 0 0 1 0 0 0 0 0
36 2 0 0 0 0 0 0 0 0
37 2 0 0 0 0 0 0 0 0
40 3 0 0 0 0 0 0 0 0
43 4 0 0 0 0 0 0 0 0
fn=rindex
32 2 1 1 0 0 0 0 0 0
33 5 0 0 2 0 0 0 0 0
34 3 0 0 1 0 0 0 0 0
36 2 0 0 0 0 0 0 0 0
37 2 0 0 0 0 0 0 0 0
40 3 0 0 0 0 0 0 0 0
43 4 0 0 0 0 0 0 0 0
fn=strchrnul
32 2 0 0 0 0 0 0 0 0
33 5 0 0 2 0 0 0 0 0
34 3 1 1 1 0 0 0 0 0
36 2 0 0 0 0 0 0 0 0
37 2 1 1 0 0 0 0 0 0
40 3 0 0 0 0 0 0 0 0
43 4 0 0 0 0 0 0 0 0
fn=strlen
32 4 1 1 0 0 0 0 0 0
33 10 0 0 4 2 0 0 0 0
34 6 0 0 2 1 0 0 0 0
36 4 0 0 0 0 0 0 0 0
37 4 0 0 0 0 0 0 0 0
40 6 0 0 0 0 0 0 0 0
43 8 0 0 0 0 0 0 0 0
fn=strnlen
32 4 1 1 0 0 0 0 0 0
33 10 0 0 4 1 0 0 0 0
34 6 0 0 2 0 0 0 0 0
36 4 0 0 0 0 0 0 0 0
37 4 0 0 0 0 0 0 0 0
40 6 0 0 0 0 0 0 0 0
43 8 0 0 0 0 0 0 0 0
fl=./string/../sysdeps/x86_64/multiarch/ifunc-evex.h
fn=memchr
34 2 0 0 0 0 0 0 0 0
35 5 1 1 2 0 0 0 0 0
36 3 0 0 1 0 0 0 0 0
38 2 0 0 0 0 0 0 0 0
39 2 1 1 0 0 0 0 0 0
41 2 0 0 0 0 0 0 0 0
47 3 0 0 0 0 0 0 0 0
50 4 0 0 0 0 0 0 0 0
fn=rawmemchr
34 2 0 0 0 0 0 0 0 0
35 5 0 0 2 0 0 0 0 0
36 3 0 0 1 0 0 0 0 0
38 2 0 0 0 0 0 0 0 0
39 2 0 0 0 0 0 0 0 0
41 2 1 1 0 0 0 0 0 0
47 3 0 0 0 0 0 0 0 0
50 4 0 0 0 0 0 0 0 0
fl=./string/../sysdeps/x86_64/multiarch/ifunc-memcmp.h
fn=bcmp
34 8 0 0 4 2 1 0 0 0
35 6 0 0 2 1 1 0 0 0
36 4 2 2 0 0 0 0 0 0
37 6 0 0 2 0 0 0 0 0
39 4 0 0 0 0 0 0 0 0
40 4 0 0 0 0 0 0 0 0
43 6 0 0 0 0 0 0 0 0
46 6 0 0 0 0 0 0 0 0
fl=./string/../sysdeps/x86_64/multiarch/ifunc-memmove.h
fn=memcpy@@GLIBC_2.14
52 4 0 0 0 0 0 0 0 0
53 6 0 0 4 0 0 0 0 0
56 6 0 0 2 0 0 0 0 0
57 4 1 1 0 0 0 0 0 0
70 4 0 0 0 0 0 0 0 0
72 4 1 1 0 0 0 0 0 0
80 4 0 0 0 0 0 0 0 0
88 4 0 0 0 0 0 0 0 0
90 10 1 1 2 0 0 0 0 0
fn=memmove
52 6 0 0 0 0 0 0 0 0
53 9 0 0 6 0 0 0 0 0
56 9 1 1 3 0 0 0 0 0
57 6 1 1 0 0 0 0 0 0
70 6 0 0 0 0 0 0 0 0
72 6 0 0 0 0 0 0 0 0
80 6 0 0 0 0 0 0 0 0
88 6 0 0 0 0 0 0 0 0
90 15 1 1 3 0 0 0 0 0
fn=mempcpy
52 2 0 0 0 0 0 0 0 0
53 3 0 0 2 0 0 0 0 0
56 3 0 0 1 0 0 0 0 0
57 2 1 1 0 0 0 0 0 0
70 2 0 0 0 0 0 0 0 0
72 2 1 1 0 0 0 0 0 0
80 2 0 0 0 0 0 0 0 0
88 2 0 0 0 0 0 0 0 0
90 5 1 1 1 0 0 0 0 0
fl=./string/../sysdeps/x86_64/multiarch/ifunc-memset.h
fn=memset
50 10 0 0 4 0 0 0 0 0
53 6 0 0 2 0 0 0 0 0
54 4 1 1 0 0 0 0 0 0
60 4 1 1 0 0 0 0 0 0
69 4 0 0 0 0 0 0 0 0
71 4 0 0 0 0 0 0 0 0
81 4 0 0 0 0 0 0 0 0
89 4 0 0 0 0 0 0 0 0
91 10 0 0 2 0 0 0 0 0
fl=./string/../sysdeps/x86_64/multiarch/ifunc-sse4_2.h
fn=strcspn
30 5 1 1 2 0 0 0 0 0
fn=strpbrk
30 5 1 1 2 1 0 0 0 0
fn=strspn
30 5 0 0 2 0 0 0 0 0
fl=./string/../sysdeps/x86_64/multiarch/ifunc-strcasecmp.h
fn=strcasecmp
32 5 1 1 2 0 0 0 0 0
fn=strcasecmp_l
32 5 0 0 2 0 0 0 0 0
fn=strncasecmp
32 5 0 0 2 0 0 0 0 0
fn=strncasecmp_l
32 5 0 0 2 0 0 0 0 0
fl=./string/../sysdeps/x86_64/multiarch/ifunc-strcpy.h
fn=stpcpy
36 4 0 0 2 0 0 0 0 0
37 3 0 0 1 0 0 0 0 0
39 2 1 1 0 0 0 0 0 0
40 2 0 0 0 0 0 0 0 0
43 3 0 0 0 0 0 0 0 0
46 3 0 0 0 0 0 0 0 0
fn=stpncpy
36 4 0 0 2 0 0 0 0 0
37 3 1 1 1 0 0 0 0 0
39 2 0 0 0 0 0 0 0 0
40 2 0 0 0 0 0 0 0 0
43 3 0 0 0 0 0 0 0 0
46 3 0 0 0 0 0 0 0 0
fn=strcat
36 4 0 0 2 0 0 0 0 0
37 3 0 0 1 0 0 0 0 0
39 2 1 1 0 0 0 0 0 0
40 2 0 0 0 0 0 0 0 0
43 3 0 0 0 0 0 0 0 0
46 3 0 0 0 0 0 0 0 0
fn=strcpy
36 4 0 0 2 0 0 0 0 0
37 3 0 0 1 0 0 0 0 0
39 2 1 1 0 0 0 0 0 0
40 2 0 0 0 0 0 0 0 0
43 3 0 0 0 0 0 0 0 0
46 3 0 0 0 0 0 0 0 0
fn=strncpy
36 4 0 0 2 0 0 0 0 0
37 3 0 0 1 0 0 0 0 0
39 2 1 1 0 0 0 0 0 0
40 2 0 0 0 0 0 0 0 0
43 3 0 0 0 0 0 0 0 0
46 3 0 0 0 0 0 0 0 0
fl=./string/../sysdeps/x86_64/multiarch/memchr.c
fn=memchr
29 2 1 1 1 0 0 0 0 0
fl=./string/../sysdeps/x86_64/multiarch/memcmp-avx2-movbe.S
fn=__memcmp_avx2_movbe
71 50 2 2 0 0 0 0 0 0
78 50 0 0 0 0 0 0 0 0
79 50 0 0 0 0 0 0 0 0
82 1 0 0 1 0 0 0 0 0
83 1 0 0 1 0 0 0 0 0
84 1 0 0 0 0 0 0 0 0
88 1 0 0 0 0 0 0 0 0
89 1 0 0 0 0 0 0 0 0
91 1 0 0 0 0 0 0 0 0
92 1 0 0 0 0 0 0 0 0
95 1 0 0 1 0 0 0 0 0
96 1 0 0 1 0 0 0 0 0
97 1 0 0 0 0 0 0 0 0
100 1 0 0 0 0 0 0 0 0
101 1 1 1 0 0 0 0 0 0
104 1 0 0 0 0 0 0 0 0
105 1 0 0 0 0 0 0 0 0
108 1 0 0 1 0 0 0 0 0
109 1 0 0 1 0 0 0 0 0
110 1 0 0 0 0 0 0 0 0
111 1 0 0 0 0 0 0 0 0
112 1 0 0 0 0 0 0 0 0
113 1 0 0 1 0 0 0 0 0
114 1 0 0 1 0 0 0 0 0
115 1 0 0 0 0 0 0 0 0
116 1 0 0 0 0 0 0 0 0
117 1 0 0 0 0 0 0 0 0
120 1 1 1 0 0 0 0 0 0
121 1 0 0 0 0 0 0 0 0
127 1 0 0 1 0 0 0 0 0
128 1 0 0 1 0 0 0 0 0
129 1 0 0 0 0 0 0 0 0
130 1 0 0 0 0 0 0 0 0
134 1 0 0 1 0 0 0 0 0
135 1 0 0 1 0 0 0 0 0
137 1 0 0 1 0 0 0 0 0
138 1 0 0 1 0 0 0 0 0
139 1 0 0 1 0 0 0 0 0
140 1 0 0 1 0 0 0 0 0
143 1 0 0 0 0 0 0 0 0
144 1 1 1 0 0 0 0 0 0
145 1 0 0 0 0 0 0 0 0
146 1 0 0 0 0 0 0 0 0
147 1 0 0 0 0 0 0 0 0
148 1 0 0 0 0 0 0 0 0
150 2 0 0 1 0 0 0 0 0
154 39 1 1 0 0 0 0 0 0
164 39 0 0 39 0 0 0 0 0
165 39 0 0 39 0 0 0 0 0
166 39 0 0 0 0 0 0 0 0
169 78 0 0 39 0 0 0 0 0
399 49 1 1 0 0 0 0 0 0
400 49 0 0 0 0 0 0 0 0
405 49 0 0 0 0 0 0 0 0
406 49 0 0 0 0 0 0 0 0
407 49 0 0 0 0 0 0 0 0
408 49 0 0 0 0 0 0 0 0
409 49 0 0 0 0 0 0 0 0
412 49 0 0 49 0 0 0 0 0
413 49 0 0 49 0 0 0 0 0
414 49 1 1 0 0 0 0 0 0
415 49 0 0 0 0 0 0 0 0
418 49 0 0 0 0 0 0 0 0
419 49 0 0 0 0 0 0 0 0
420 10 0 0 0 0 0 0 0 0
421 20 0 0 10 0 0 0 0 0
fl=./string/../sysdeps/x86_64/multiarch/memcmp.c
fn=bcmp
29 6 4 4 2 0 0 0 0 0
fl=./string/../sysdeps/x86_64/multiarch/memcpy.c
fn=memcpy@@GLIBC_2.14
29 2 1 1 0 0 0 0 0 0
fl=./string/../sysdeps/x86_64/multiarch/memmove-vec-unaligned-erms.S
fn=__memcpy_avx_unaligned_erms
307 35 1 1 0 0 0 0 0 0
308 35 0 0 0 0 0 0 0 0
314 39 1 1 0 0 0 0 0 0
315 39 0 0 0 0 0 0 0 0
317 28 0 0 28 13 0 0 0 0
318 28 0 0 0 0 0 0 0 0
319 28 0 0 0 0 0 0 0 0
322 4 0 0 4 0 0 0 0 0
323 4 0 0 0 0 0 4 0 0
324 4 0 0 0 0 0 4 0 0
327 8 0 0 4 0 0 0 0 0
357 11 0 0 0 0 0 0 0 0
358 11 0 0 0 0 0 0 0 0
360 5 0 0 0 0 0 0 0 0
361 5 0 0 0 0 0 0 0 0
363 2 0 0 0 0 0 0 0 0
367 2 0 0 0 0 0 0 0 0
368 1 0 0 0 0 0 0 0 0
369 1 0 0 0 0 0 0 0 0
370 1 0 0 1 0 0 0 0 0
371 1 0 0 0 0 0 0 0 0
375 1 0 0 0 0 0 1 0 0
377 1 0 0 1 0 0 0 0 0
383 1 1 1 1 0 0 0 0 0
384 1 0 0 1 0 0 0 0 0
385 1 0 0 0 0 0 1 0 0
386 1 0 0 0 0 0 1 0 0
387 1 0 0 1 0 0 0 0 0
394 6 1 1 6 0 0 0 0 0
395 6 0 0 6 0 0 0 0 0
396 6 0 0 0 0 0 6 1 1
397 6 0 0 0 0 0 6 0 0
399 6 0 0 6 0 0 0 0 0
416 3 2 2 3 0 0 0 0 0
417 3 0 0 3 0 0 0 0 0
418 3 0 0 0 0 0 3 0 0
419 3 0 0 0 0 0 3 0 0
420 3 0 0 3 0 0 0 0 0
427 2 0 0 2 0 0 0 0 0
428 2 0 0 2 0 0 0 0 0
429 2 0 0 0 0 0 2 0 0
430 2 0 0 0 0 0 2 0 0
431 2 0 0 0 0 0 2 0 0
432 2 0 0 0 0 0 2 0 0
433 4 0 0 2 0 0 0 0 0
438 24 1 1 24 0 0 0 0 0
439 24 0 0 0 0 0 0 0 0
444 14 0 0 0 0 0 0 0 0
445 14 0 0 0 0 0 0 0 0
447 4 0 0 4 0 0 0 0 0
448 4 0 0 0 0 0 0 0 0
449 4 0 0 0 0 0 0 0 0
451 2 0 0 2 0 0 0 0 0
452 2 0 0 2 0 0 0 0 0
453 2 0 0 2 0 0 0 0 0
454 2 0 0 2 0 0 0 0 0
455 2 0 0 2 0 0 0 0 0
456 2 1 1 2 0 0 0 0 0
457 2 0 0 0 0 0 2 0 0
458 2 0 0 0 0 0 2 0 0
459 2 0 0 0 0 0 2 0 0
460 2 0 0 0 0 0 2 0 0
461 2 0 0 0 0 0 2 0 0
462 2 0 0 0 0 0 2 0 0
463 2 0 0 0 0 0 2 0 0
464 2 0 0 0 0 0 2 0 0
465 4 0 0 2 0 0 0 0 0
469 10 0 0 0 0 0 0 0 0
470 10 0 0 0 0 0 0 0 0
474 10 0 0 0 0 0 0 0 0
476 10 1 1 0 0 0 0 0 0
480 10 0 0 10 4 0 0 0 0
481 10 0 0 0 0 0 0 0 0
492 10 0 0 0 0 0 0 0 0
495 10 0 0 0 0 0 0 0 0
497 10 0 0 0 0 0 0 0 0
499 10 0 0 0 0 0 0 0 0
503 10 0 0 0 0 0 0 0 0
504 10 0 0 0 0 0 0 0 0
513 6 0 0 6 1 0 0 0 0
514 6 0 0 6 1 0 0 0 0
516 6 0 0 0 0 0 0 0 0
518 6 0 0 0 0 0 0 0 0
519 6 1 1 6 1 0 0 0 0
520 6 0 0 6 1 0 0 0 0
523 6 0 0 0 0 0 0 0 0
525 6 0 0 0 0 0 0 0 0
527 6 0 0 0 0 0 0 0 0
529 12 0 0 0 0 0 0 0 0
535 66 0 0 66 15 0 0 0 0
536 66 0 0 66 31 0 0 0 0
537 66 0 0 66 14 0 0 0 0
538 66 0 0 66 30 0 0 0 0
539 66 0 0 0 0 0 0 0 0
540 66 0 0 0 0 0 66 0 0
541 66 0 0 0 0 0 66 46 0
542 66 1 1 0 0 0 66 0 0
543 66 0 0 0 0 0 66 46 0
544 66 0 0 0 0 0 0 0 0
545 66 0 0 0 0 0 0 0 0
546 66 0 0 0 0 0 0 0 0
548 6 0 0 0 0 0 6 2 0
549 6 0 0 0 0 0 6 0 0
550 6 0 0 0 0 0 6 0 0
551 6 0 0 0 0 0 6 0 0
553 6 0 0 0 0 0 6 0 0
557 12 0 0 6 0 0 0 0 0
570 4 0 0 4 3 0 0 0 0
571 4 0 0 4 1 0 0 0 0
573 4 1 1 0 0 0 0 0 0
574 4 0 0 4 3 0 0 0 0
575 4 0 0 4 4 0 0 0 0
577 4 0 0 0 0 0 0 0 0
579 4 0 0 0 0 0 0 0 0
581 8 0 0 0 0 0 0 0 0
587 172 0 0 172 76 0 0 0 0
588 172 0 0 172 93 0 0 0 0
589 172 0 0 172 76 0 0 0 0
590 172 0 0 172 92 0 0 0 0
591 172 0 0 0 0 0 0 0 0
592 172 0 0 0 0 0 172 94 0
593 172 1 1 0 0 0 172 78 0
594 172 0 0 0 0 0 172 94 0
595 172 0 0 0 0 0 172 78 0
596 172 0 0 0 0 0 0 0 0
597 172 0 0 0 0 0 0 0 0
598 172 0 0 0 0 0 0 0 0
600 4 0 0 0 0 0 4 1 0
601 4 0 0 0 0 0 4 2 0
602 4 0 0 0 0 0 4 0 0
603 4 0 0 0 0 0 4 0 0
605 4 0 0 0 0 0 4 0 0
606 8 0 0 4 0 0 0 0 0
615 10 1 1 10 6 0 0 0 0
622 10 0 0 0 0 0 0 0 0
623 10 0 0 0 0 0 0 0 0
629 7 0 0 0 0 0 0 0 0
632 7 0 0 0 0 0 0 0 0
634 7 0 0 0 0 0 0 0 0
637 7 0 0 0 0 0 0 0 0
638 7 0 0 0 0 0 0 0 0
640 7 0 0 0 0 0 0 0 0
642 671431 0 0 671424 10489 0 671424 10496 9213
644 7 0 0 0 0 0 7 6 0
646 7 0 0 0 0 0 7 4 0
648 14 0 0 7 6 0 0 0 0
653 10 1 1 0 0 0 0 0 0
654 10 0 0 0 0 0 0 0 0
658 10 0 0 0 0 0 0 0 0
660 10 0 0 0 0 0 0 0 0
663 10 0 0 0 0 0 0 0 0
667 10 0 0 10 9 0 0 0 0
668 10 0 0 0 0 0 0 0 0
671 10 0 0 10 0 0 0 0 0
672 10 0 0 0 0 0 0 0 0
696 3 0 0 0 0 0 0 0 0
698 3 0 0 0 0 0 0 0 0
700 3 0 0 0 0 0 0 0 0
702 3 1 1 0 0 0 0 0 0
705 3 0 0 0 0 0 0 0 0
706 3 0 0 0 0 0 0 0 0
708 343923 0 0 343920 5372 0 343920 5375 0
711 3 0 0 0 0 0 3 2 0
713 3 0 0 0 0 0 3 2 0
715 6 0 0 3 2 0 0 0 0
fn=__mempcpy_avx_unaligned_erms
294 4 1 1 0 0 0 0 0 0
295 4 0 0 0 0 0 0 0 0
296 4 0 0 0 0 0 0 0 0
297 4 0 0 0 0 0 0 0 0
fn=memcpy
212 33 2 2 0 0 0 0 0 0
213 33 0 0 0 0 0 0 0 0
219 78 0 0 0 0 0 0 0 0
220 78 0 0 0 0 0 0 0 0
222 33 0 0 33 3 1 0 0 0
223 33 1 1 0 0 0 0 0 0
224 33 0 0 0 0 0 0 0 0
226 17 0 0 17 0 0 0 0 0
227 17 0 0 0 0 0 17 4 4
228 17 0 0 0 0 0 17 0 0
230 17 0 0 17 0 0 0 0 0
360 45 1 1 0 0 0 0 0 0
361 45 0 0 0 0 0 0 0 0
363 13 0 0 0 0 0 0 0 0
367 13 0 0 0 0 0 0 0 0
368 8 0 0 0 0 0 0 0 0
369 8 0 0 0 0 0 0 0 0
370 3 0 0 3 2 2 0 0 0
371 3 0 0 0 0 0 0 0 0
372 2 0 0 2 0 0 0 0 0
373 2 0 0 0 0 0 2 1 1
375 3 0 0 0 0 0 3 1 1
377 8 0 0 8 0 0 0 0 0
383 5 0 0 5 0 0 0 0 0
384 5 0 0 5 0 0 0 0 0
385 5 0 0 0 0 0 5 0 0
386 5 0 0 0 0 0 5 0 0
387 5 0 0 5 0 0 0 0 0
416 32 1 1 32 0 0 0 0 0
417 32 0 0 32 0 0 0 0 0
418 32 0 0 0 0 0 32 6 6
419 32 0 0 0 0 0 32 1 1
420 32 0 0 32 0 0 0 0 0
427 15 1 1 15 0 0 0 0 0
428 15 0 0 15 0 0 0 0 0
429 15 0 0 0 0 0 15 4 4
430 15 0 0 0 0 0 15 3 3
431 15 0 0 0 0 0 15 2 2
432 15 0 0 0 0 0 15 0 0
433 15 0 0 15 0 0 0 0 0
444 16 2 2 0 0 0 0 0 0
445 16 0 0 0 0 0 0 0 0
447 15 0 0 15 0 0 0 0 0
448 15 0 0 0 0 0 0 0 0
449 15 0 0 0 0 0 0 0 0
469 1 1 1 0 0 0 0 0 0
470 1 0 0 0 0 0 0 0 0
474 1 0 0 0 0 0 0 0 0
476 1 0 0 0 0 0 0 0 0
492 1 0 0 0 0 0 0 0 0
495 1 0 0 0 0 0 0 0 0
497 1 0 0 0 0 0 0 0 0
499 1 0 0 0 0 0 0 0 0
503 1 0 0 0 0 0 0 0 0
504 1 0 0 0 0 0 0 0 0
513 1 0 0 1 1 1 0 0 0
514 1 1 1 1 1 1 0 0 0
516 1 0 0 0 0 0 0 0 0
518 1 0 0 0 0 0 0 0 0
519 1 0 0 1 0 0 0 0 0
520 1 0 0 1 0 0 0 0 0
523 1 0 0 0 0 0 0 0 0
525 1 0 0 0 0 0 0 0 0
527 1 0 0 0 0 0 0 0 0
529 1 0 0 0 0 0 0 0 0
535 3 0 0 3 0 0 0 0 0
536 3 0 0 3 0 0 0 0 0
537 3 0 0 3 0 0 0 0 0
538 3 0 0 3 2 2 0 0 0
539 3 0 0 0 0 0 0 0 0
540 3 0 0 0 0 0 3 1 1
541 3 0 0 0 0 0 3 0 0
542 3 0 0 0 0 0 3 0 0
543 3 1 1 0 0 0 3 3 3
544 3 0 0 0 0 0 0 0 0
545 3 0 0 0 0 0 0 0 0
546 3 0 0 0 0 0 0 0 0
548 1 0 0 0 0 0 1 1 1
549 1 0 0 0 0 0 1 0 0
550 1 0 0 0 0 0 1 0 0
551 1 0 0 0 0 0 1 0 0
553 1 0 0 0 0 0 1 0 0
557 1 0 0 1 0 0 0 0 0
fn=mempcpy
199 45 0 0 0 0 0 0 0 0
200 45 0 0 0 0 0 0 0 0
201 45 0 0 0 0 0 0 0 0
202 45 0 0 0 0 0 0 0 0
fl=./string/../sysdeps/x86_64/multiarch/memmove.c
fn=memmove
29 3 1 1 0 0 0 0 0 0
fl=./string/../sysdeps/x86_64/multiarch/mempcpy.c
fn=mempcpy
33 1 1 1 0 0 0 0 0 0
fl=./string/../sysdeps/x86_64/multiarch/memrchr.c
fn=memrchr
29 3 2 2 1 0 0 0 0 0
fl=./string/../sysdeps/x86_64/multiarch/memset-vec-unaligned-erms.S
fn=__memset_avx2_unaligned_erms
181 16 1 1 0 0 0 0 0 0
182 48 0 0 0 0 0 0 0 0
187 16 0 0 0 0 0 0 0 0
188 16 0 0 0 0 0 0 0 0
189 16 0 0 0 0 0 0 0 0
190 16 0 0 0 0 0 0 0 0
204 1 0 0 0 0 0 1 0 0
205 1 0 0 0 0 0 1 0 0
207 2 0 0 1 0 0 0 0 0
259 16 1 1 16 0 0 0 0 0
260 16 0 0 0 0 0 0 0 0
283 4 0 0 0 0 0 4 0 0
284 4 0 0 0 0 0 4 2 1
289 4 0 0 0 0 0 0 0 0
292 4 0 0 0 0 0 0 0 0
293 4 0 0 0 0 0 0 0 0
296 3 0 0 0 0 0 3 2 2
297 3 0 0 0 0 0 3 1 1
310 3 0 0 0 0 0 0 0 0
311 3 0 0 0 0 0 0 0 0
313 3 0 0 0 0 0 0 0 0
316 2 0 0 0 0 0 0 0 0
319 2 0 0 0 0 0 0 0 0
322 8 0 0 0 0 0 8 7 7
323 8 0 0 0 0 0 8 0 0
324 8 0 0 0 0 0 8 8 8
325 8 0 0 0 0 0 8 0 0
326 8 0 0 0 0 0 0 0 0
327 8 0 0 0 0 0 0 0 0
328 10 0 0 0 0 0 0 0 0
331 3 1 1 0 0 0 3 2 2
332 3 0 0 0 0 0 3 1 1
333 3 0 0 0 0 0 3 0 0
334 3 0 0 0 0 0 3 0 0
337 6 0 0 3 0 0 0 0 0
348 12 2 2 0 0 0 0 0 0
349 12 0 0 0 0 0 0 0 0
350 12 0 0 0 0 0 0 0 0
351 8341644 0 0 0 0 0 8341632 130328 122476
352 12 0 0 0 0 0 0 0 0
353 24 0 0 12 7 3 0 0 0
fn=memset
125 11 1 1 0 0 0 0 0 0
126 55 0 0 0 0 0 0 0 0
132 11 0 0 0 0 0 0 0 0
133 11 1 1 0 0 0 0 0 0
134 10 0 0 0 0 0 0 0 0
135 10 0 0 0 0 0 0 0 0
137 2 0 0 0 0 0 2 2 2
138 2 0 0 0 0 0 2 0 0
139 2 0 0 2 0 0 0 0 0
204 4 0 0 0 0 0 4 0 0
205 4 0 0 0 0 0 4 0 0
207 4 0 0 4 0 0 0 0 0
283 8 0 0 0 0 0 8 4 4
284 8 0 0 0 0 0 8 2 2
289 8 0 0 0 0 0 0 0 0
292 8 0 0 0 0 0 0 0 0
293 8 0 0 0 0 0 0 0 0
296 4 0 0 0 0 0 4 2 2
297 4 0 0 0 0 0 4 1 1
310 4 0 0 0 0 0 0 0 0
311 4 0 0 0 0 0 0 0 0
313 4 0 0 0 0 0 0 0 0
316 3 1 1 0 0 0 0 0 0
319 6 0 0 0 0 0 0 0 0
322 85 0 0 0 0 0 85 79 79
323 85 0 0 0 0 0 85 0 0
324 85 0 0 0 0 0 85 4 4
325 85 0 0 0 0 0 85 0 0
326 85 0 0 0 0 0 0 0 0
327 85 0 0 0 0 0 0 0 0
328 85 0 0 0 0 0 0 0 0
331 4 1 0 0 0 0 4 2 2
332 4 0 0 0 0 0 4 0 0
333 4 0 0 0 0 0 4 0 0
334 4 0 0 0 0 0 4 0 0
339 4 0 0 4 0 0 0 0 0
368 1 1 1 0 0 0 0 0 0
369 1 0 0 0 0 0 0 0 0
370 1 0 0 0 0 0 0 0 0
402 1 0 0 0 0 0 1 1 1
403 1 0 0 0 0 0 1 0 0
404 1 0 0 1 0 0 0 0 0
fl=./string/../sysdeps/x86_64/multiarch/memset.c
fn=memset
29 2 1 1 0 0 0 0 0 0
fl=./string/../sysdeps/x86_64/multiarch/rawmemchr.c
fn=rawmemchr
31 2 1 1 1 0 0 0 0 0
fl=./string/../sysdeps/x86_64/multiarch/stpcpy.c
fn=stpcpy
33 3 1 1 1 0 0 0 0 0
fl=./string/../sysdeps/x86_64/multiarch/stpncpy.c
fn=stpncpy
31 3 2 2 1 0 0 0 0 0
fl=./string/../sysdeps/x86_64/multiarch/strcasecmp.c
fn=strcasecmp
31 2 0 0 1 0 0 0 0 0
fl=./string/../sysdeps/x86_64/multiarch/strcasecmp_l.c
fn=strcasecmp_l
31 2 1 1 1 0 0 0 0 0
fl=./string/../sysdeps/x86_64/multiarch/strcat.c
fn=strcat
29 3 1 1 1 0 0 0 0 0
fl=./string/../sysdeps/x86_64/multiarch/strchr.c
fn=index
40 2 1 1 0 0 0 0 0 0
41 4 0 0 2 0 0 0 0 0
42 3 0 0 1 0 0 0 0 0
44 2 0 0 0 0 0 0 0 0
45 2 0 0 0 0 0 0 0 0
48 3 0 0 0 0 0 0 0 0
51 3 0 0 0 0 0 0 0 0
61 3 1 1 1 0 0 0 0 0
fl=./string/../sysdeps/x86_64/multiarch/strchrnul.c
fn=strchrnul
31 3 1 1 1 0 0 0 0 0
fl=./string/../sysdeps/x86_64/multiarch/strcmp.c
fn=strcmp
41 4 0 0 2 0 0 0 0 0
42 3 1 1 1 0 0 0 0 0
44 2 0 0 0 0 0 0 0 0
49 3 0 0 0 0 0 0 0 0
52 3 1 1 0 0 0 0 0 0
65 2 1 1 1 0 0 0 0 0
fl=./string/../sysdeps/x86_64/multiarch/strcpy.c
fn=strcpy
29 3 1 1 1 0 0 0 0 0
fl=./string/../sysdeps/x86_64/multiarch/strcspn.c
fn=strcspn
29 2 1 1 1 0 0 0 0 0
fl=./string/../sysdeps/x86_64/multiarch/strlen-avx2.S
fn=__strlen_avx2
50 71 1 1 0 0 0 0 0 0
63 71 0 0 0 0 0 0 0 0
64 71 0 0 0 0 0 0 0 0
65 71 0 0 0 0 0 0 0 0
68 71 0 0 0 0 0 0 0 0
70 71 0 0 0 0 0 0 0 0
71 71 0 0 0 0 0 0 0 0
74 71 1 1 71 5 5 0 0 0
75 71 0 0 0 0 0 0 0 0
83 71 0 0 0 0 0 0 0 0
84 71 0 0 0 0 0 0 0 0
85 71 0 0 0 0 0 0 0 0
90 142 0 0 71 0 0 0 0 0
fl=./string/../sysdeps/x86_64/multiarch/strlen-vec.S
fn=strlen
41 31 1 1 0 0 0 0 0 0
85 31 0 0 0 0 0 0 0 0
86 31 0 0 0 0 0 0 0 0
87 31 0 0 0 0 0 0 0 0
88 31 0 0 0 0 0 0 0 0
89 31 0 0 0 0 0 0 0 0
90 31 0 0 0 0 0 0 0 0
91 31 0 0 0 0 0 0 0 0
93 31 0 0 0 0 0 0 0 0
95 31 0 0 0 0 0 0 0 0
126 30 0 0 30 2 2 0 0 0
127 30 0 0 0 0 0 0 0 0
128 30 0 0 0 0 0 0 0 0
129 30 0 0 0 0 0 0 0 0
130 30 0 0 0 0 0 0 0 0
131 15 0 0 0 0 0 0 0 0
133 15 0 0 15 0 0 0 0 0
137 15 1 1 0 0 0 0 0 0
138 15 0 0 15 0 0 0 0 0
139 15 0 0 15 0 0 0 0 0
140 15 0 0 15 0 0 0 0 0
141 15 0 0 0 0 0 0 0 0
142 15 0 0 0 0 0 0 0 0
143 15 0 0 0 0 0 0 0 0
144 15 0 0 0 0 0 0 0 0
145 15 0 0 0 0 0 0 0 0
146 15 0 0 0 0 0 0 0 0
147 15 0 0 0 0 0 0 0 0
148 15 0 0 0 0 0 0 0 0
153 120 0 0 15 0 0 0 0 0
157 1 1 1 0 0 0 0 0 0
158 14 1 1 4 0 0 0 0 0
159 8 0 0 1 0 0 0 0 0
fl=./string/../sysdeps/x86_64/multiarch/strlen.c
fn=strlen
29 6 1 1 2 0 0 0 0 0
fl=./string/../sysdeps/x86_64/multiarch/strncase.c
fn=strncasecmp
31 2 1 1 1 0 0 0 0 0
fl=./string/../sysdeps/x86_64/multiarch/strncase_l.c
fn=strncasecmp_l
31 2 2 2 1 0 0 0 0 0
fl=./string/../sysdeps/x86_64/multiarch/strncmp.c
fn=strncmp
41 4 1 1 2 0 0 0 0 0
42 3 0 0 1 0 0 0 0 0
44 2 0 0 0 0 0 0 0 0
49 3 0 0 0 0 0 0 0 0
52 3 0 0 0 0 0 0 0 0
66 2 2 2 1 0 0 0 0 0
fl=./string/../sysdeps/x86_64/multiarch/strncpy.c
fn=strncpy
29 3 1 1 1 0 0 0 0 0
fl=./string/../sysdeps/x86_64/multiarch/strnlen.c
fn=strnlen
31 6 2 2 2 0 0 0 0 0
fl=./string/../sysdeps/x86_64/multiarch/strpbrk.c
fn=strpbrk
29 2 1 1 1 0 0 0 0 0
fl=./string/../sysdeps/x86_64/multiarch/strrchr-avx2.S
fn=__strrchr_avx2
46 1 1 1 0 0 0 0 0 0
47 1 0 0 0 0 0 0 0 0
48 1 0 0 0 0 0 0 0 0
50 1 0 0 0 0 0 0 0 0
51 1 0 0 0 0 0 0 0 0
54 1 0 0 0 0 0 0 0 0
55 1 0 0 0 0 0 0 0 0
56 1 0 0 0 0 0 0 0 0
58 1 0 0 1 1 0 0 0 0
59 1 0 0 0 0 0 0 0 0
60 1 0 0 0 0 0 0 0 0
61 1 0 0 0 0 0 0 0 0
62 1 0 0 0 0 0 0 0 0
63 1 1 1 0 0 0 0 0 0
65 1 0 0 0 0 0 0 0 0
66 1 0 0 0 0 0 0 0 0
78 1 0 0 0 0 0 0 0 0
79 1 0 0 0 0 0 0 0 0
82 1 0 0 0 0 0 0 0 0
83 1 0 0 0 0 0 0 0 0
84 1 0 0 0 0 0 0 0 0
85 1 0 0 0 0 0 0 0 0
120 3 1 1 3 1 0 0 0 0
121 3 0 0 0 0 0 0 0 0
122 3 0 0 0 0 0 0 0 0
123 3 0 0 0 0 0 0 0 0
124 3 0 0 0 0 0 0 0 0
125 3 0 0 0 0 0 0 0 0
126 3 0 0 0 0 0 0 0 0
127 3 0 0 0 0 0 0 0 0
159 3 1 1 0 0 0 0 0 0
160 3 0 0 0 0 0 0 0 0
162 1 0 0 0 0 0 0 0 0
163 1 0 0 0 0 0 0 0 0
164 1 0 0 0 0 0 0 0 0
165 1 0 0 0 0 0 0 0 0
171 1 0 0 0 0 0 0 0 0
172 1 0 0 0 0 0 0 0 0
174 2 0 0 1 0 0 0 0 0
179 2 0 0 0 0 0 0 0 0
180 2 0 0 0 0 0 0 0 0
181 2 0 0 0 0 0 0 0 0
184 2 0 0 0 0 0 0 0 0
185 2 0 0 0 0 0 0 0 0
186 2 0 0 0 0 0 0 0 0
fl=./string/../sysdeps/x86_64/multiarch/strrchr.c
fn=rindex
28 3 1 1 1 0 0 0 0 0
fl=./string/../sysdeps/x86_64/multiarch/strspn.c
fn=strspn
29 2 1 1 1 0 0 0 0 0
fl=./string/../sysdeps/x86_64/strcmp.S
fn=strcmp
108 2621 1 1 0 0 0 0 0 0
141 2621 0 0 0 0 0 0 0 0
142 2621 0 0 0 0 0 0 0 0
144 2621 0 0 0 0 0 0 0 0
145 2621 0 0 0 0 0 0 0 0
166 2621 0 0 0 0 0 0 0 0
167 2621 0 0 0 0 0 0 0 0
168 2456 0 0 0 0 0 0 0 0
169 2456 0 0 0 0 0 0 0 0
170 2357 0 0 2357 93 39 0 0 0
171 2357 1 1 2357 19 13 0 0 0
172 2357 0 0 2357 0 0 0 0 0
173 2357 0 0 2357 0 0 0 0 0
194 2357 0 0 0 0 0 0 0 0
195 2357 0 0 0 0 0 0 0 0
196 2357 0 0 0 0 0 0 0 0
197 2357 0 0 0 0 0 0 0 0
198 2357 0 0 0 0 0 0 0 0
199 2357 0 0 0 0 0 0 0 0
200 2357 0 0 0 0 0 0 0 0
205 46 0 0 0 0 0 0 0 0
206 138 0 0 0 0 0 0 0 0
215 310 3 2 0 0 0 0 0 0
216 310 0 0 0 0 0 0 0 0
217 310 0 0 0 0 0 0 0 0
218 310 0 0 0 0 0 0 0 0
219 310 0 0 0 0 0 0 0 0
220 310 0 0 0 0 0 0 0 0
221 310 0 0 0 0 0 0 0 0
222 310 0 0 0 0 0 0 0 0
223 200 0 0 0 0 0 0 0 0
224 97 0 0 0 0 0 0 0 0
225 97 0 0 0 0 0 0 0 0
226 97 0 0 0 0 0 0 0 0
228 200 0 0 0 0 0 0 0 0
229 200 0 0 0 0 0 0 0 0
230 200 0 0 0 0 0 0 0 0
231 200 0 0 200 9 2 0 0 0
232 200 0 0 0 0 0 0 0 0
233 200 0 0 0 0 0 0 0 0
243 110 3 2 110 12 4 0 0 0
244 110 0 0 0 0 0 0 0 0
245 110 0 0 0 0 0 0 0 0
247 110 0 0 110 2 1 0 0 0
253 110 0 0 0 0 0 0 0 0
254 110 0 0 0 0 0 0 0 0
255 110 0 0 0 0 0 0 0 0
256 110 0 0 0 0 0 0 0 0
257 110 0 0 0 0 0 0 0 0
262 110 0 0 0 0 0 0 0 0
264 102 0 0 0 0 0 0 0 0
265 102 0 0 0 0 0 0 0 0
266 204 0 0 0 0 0 0 0 0
274 121 2 2 121 11 2 0 0 0
275 121 0 0 121 2 2 0 0 0
278 121 0 0 0 0 0 0 0 0
279 121 0 0 0 0 0 0 0 0
280 121 0 0 0 0 0 0 0 0
281 121 0 0 0 0 0 0 0 0
282 121 0 0 0 0 0 0 0 0
283 121 0 0 0 0 0 0 0 0
289 31 0 0 0 0 0 0 0 0
290 31 0 0 31 0 0 0 0 0
291 31 0 0 31 0 0 0 0 0
294 31 0 0 0 0 0 0 0 0
295 31 0 0 0 0 0 0 0 0
296 31 0 0 0 0 0 0 0 0
297 31 1 1 0 0 0 0 0 0
298 31 0 0 0 0 0 0 0 0
299 31 0 0 0 0 0 0 0 0
304 19 0 0 0 0 0 0 0 0
305 19 0 0 0 0 0 0 0 0
444 1 1 1 0 0 0 0 0 0
445 1 0 0 1 0 0 0 0 0
446 1 0 0 1 1 0 0 0 0
447 1 0 0 0 0 0 0 0 0
448 1 0 0 0 0 0 0 0 0
450 1 0 0 0 0 0 0 0 0
451 1 0 0 0 0 0 0 0 0
452 1 1 1 0 0 0 0 0 0
453 1 0 0 0 0 0 0 0 0
454 1 0 0 0 0 0 0 0 0
455 1 0 0 0 0 0 0 0 0
456 1 0 0 0 0 0 0 0 0
457 1 0 0 1 0 0 0 0 0
460 1 0 0 0 0 0 0 0 0
461 1 0 0 0 0 0 0 0 0
462 1 0 0 0 0 0 0 0 0
468 1 0 0 0 0 0 0 0 0
469 1 0 0 0 0 0 0 0 0
470 2 0 0 0 0 0 0 0 0
474 1 1 1 0 0 0 0 0 0
475 1 0 0 0 0 0 0 0 0
478 1 0 0 1 1 0 0 0 0
479 1 0 0 1 1 0 0 0 0
480 1 0 0 0 0 0 0 0 0
483 1 0 0 0 0 0 0 0 0
484 1 0 0 0 0 0 0 0 0
485 1 0 0 0 0 0 0 0 0
491 1 0 0 0 0 0 0 0 0
492 1 0 0 0 0 0 0 0 0
493 1 0 0 0 0 0 0 0 0
494 1 0 0 0 0 0 0 0 0
495 1 0 0 0 0 0 0 0 0
496 1 1 1 0 0 0 0 0 0
693 1 1 1 0 0 0 0 0 0
694 1 0 0 1 1 1 0 0 0
695 1 0 0 1 0 0 0 0 0
696 1 0 0 0 0 0 0 0 0
697 1 0 0 0 0 0 0 0 0
699 1 0 0 0 0 0 0 0 0
700 1 0 0 0 0 0 0 0 0
701 1 1 1 0 0 0 0 0 0
702 1 0 0 0 0 0 0 0 0
703 1 0 0 0 0 0 0 0 0
704 1 0 0 0 0 0 0 0 0
705 1 0 0 0 0 0 0 0 0
706 1 0 0 1 0 0 0 0 0
710 1 0 0 0 0 0 0 0 0
711 1 0 0 0 0 0 0 0 0
712 1 0 0 0 0 0 0 0 0
718 1 0 0 0 0 0 0 0 0
719 1 0 0 0 0 0 0 0 0
720 2 0 0 0 0 0 0 0 0
724 2 1 1 0 0 0 0 0 0
725 2 0 0 0 0 0 0 0 0
728 2 0 0 2 0 0 0 0 0
729 2 0 0 2 1 1 0 0 0
730 2 0 0 0 0 0 0 0 0
733 2 0 0 0 0 0 0 0 0
734 2 0 0 0 0 0 0 0 0
735 2 0 0 0 0 0 0 0 0
741 2 0 0 0 0 0 0 0 0
742 2 0 0 0 0 0 0 0 0
743 2 0 0 0 0 0 0 0 0
744 2 0 0 0 0 0 0 0 0
745 2 0 0 0 0 0 0 0 0
746 2 1 1 0 0 0 0 0 0
753 2 0 0 0 0 0 0 0 0
754 2 0 0 0 0 0 0 0 0
756 2 0 0 0 0 0 0 0 0
757 2 0 0 0 0 0 0 0 0
759 2 0 0 2 0 0 0 0 0
760 2 0 0 2 0 0 0 0 0
761 2 0 0 0 0 0 0 0 0
764 2 0 0 0 0 0 0 0 0
765 2 0 0 0 0 0 0 0 0
766 2 0 0 0 0 0 0 0 0
772 2 0 0 0 0 0 0 0 0
773 2 0 0 0 0 0 0 0 0
774 2 0 0 0 0 0 0 0 0
775 2 0 0 0 0 0 0 0 0
776 2 1 1 0 0 0 0 0 0
777 2 0 0 0 0 0 0 0 0
784 1 0 0 0 0 0 0 0 0
785 1 0 0 0 0 0 0 0 0
786 1 0 0 0 0 0 0 0 0
818 1 1 1 0 0 0 0 0 0
819 1 0 0 1 0 0 0 0 0
820 1 0 0 1 0 0 0 0 0
821 1 0 0 0 0 0 0 0 0
822 1 0 0 0 0 0 0 0 0
824 1 0 0 0 0 0 0 0 0
825 1 0 0 0 0 0 0 0 0
826 1 1 1 0 0 0 0 0 0
827 1 0 0 0 0 0 0 0 0
828 1 0 0 0 0 0 0 0 0
829 1 0 0 0 0 0 0 0 0
830 1 0 0 0 0 0 0 0 0
943 1 1 1 0 0 0 0 0 0
944 1 0 0 1 0 0 0 0 0
945 1 0 0 1 0 0 0 0 0
946 1 0 0 0 0 0 0 0 0
947 1 0 0 0 0 0 0 0 0
949 1 0 0 0 0 0 0 0 0
950 1 0 0 0 0 0 0 0 0
951 1 1 1 0 0 0 0 0 0
952 1 0 0 0 0 0 0 0 0
953 1 0 0 0 0 0 0 0 0
954 1 0 0 0 0 0 0 0 0
955 1 0 0 0 0 0 0 0 0
956 1 0 0 1 0 0 0 0 0
960 1 0 0 0 0 0 0 0 0
961 1 0 0 0 0 0 0 0 0
962 1 0 0 0 0 0 0 0 0
968 1 0 0 0 0 0 0 0 0
969 1 0 0 0 0 0 0 0 0
970 2 0 0 0 0 0 0 0 0
974 1 1 1 0 0 0 0 0 0
975 1 0 0 0 0 0 0 0 0
978 1 0 0 1 0 0 0 0 0
979 1 0 0 1 0 0 0 0 0
980 1 0 0 0 0 0 0 0 0
983 1 0 0 0 0 0 0 0 0
984 1 0 0 0 0 0 0 0 0
985 1 0 0 0 0 0 0 0 0
991 1 0 0 0 0 0 0 0 0
992 1 0 0 0 0 0 0 0 0
993 1 0 0 0 0 0 0 0 0
994 1 0 0 0 0 0 0 0 0
995 1 0 0 0 0 0 0 0 0
996 1 1 1 0 0 0 0 0 0
1068 11 2 1 0 0 0 0 0 0
1069 11 0 0 11 3 2 0 0 0
1070 11 0 0 11 0 0 0 0 0
1071 11 0 0 0 0 0 0 0 0
1072 11 0 0 0 0 0 0 0 0
1074 11 0 0 0 0 0 0 0 0
1075 11 0 0 0 0 0 0 0 0
1076 11 1 1 0 0 0 0 0 0
1077 11 0 0 0 0 0 0 0 0
1078 11 0 0 0 0 0 0 0 0
1079 11 0 0 0 0 0 0 0 0
1080 11 0 0 0 0 0 0 0 0
1081 3 0 0 3 0 0 0 0 0
1085 3 0 0 0 0 0 0 0 0
1086 3 0 0 0 0 0 0 0 0
1087 3 0 0 0 0 0 0 0 0
1093 3 0 0 0 0 0 0 0 0
1094 3 0 0 0 0 0 0 0 0
1095 6 0 0 0 0 0 0 0 0
1099 3 1 1 0 0 0 0 0 0
1100 3 0 0 0 0 0 0 0 0
1103 3 0 0 3 0 0 0 0 0
1104 3 0 0 3 1 1 0 0 0
1105 3 0 0 0 0 0 0 0 0
1108 3 0 0 0 0 0 0 0 0
1109 3 0 0 0 0 0 0 0 0
1110 3 0 0 0 0 0 0 0 0
1116 3 0 0 0 0 0 0 0 0
1117 3 0 0 0 0 0 0 0 0
1118 3 0 0 0 0 0 0 0 0
1119 3 0 0 0 0 0 0 0 0
1120 3 0 0 0 0 0 0 0 0
1121 3 1 1 0 0 0 0 0 0
1128 2 0 0 0 0 0 0 0 0
1129 2 0 0 0 0 0 0 0 0
1131 2 0 0 0 0 0 0 0 0
1132 2 0 0 0 0 0 0 0 0
1134 2 0 0 2 0 0 0 0 0
1135 2 0 0 2 0 0 0 0 0
1136 2 0 0 0 0 0 0 0 0
1139 2 0 0 0 0 0 0 0 0
1140 2 0 0 0 0 0 0 0 0
1141 2 0 0 0 0 0 0 0 0
1147 2 0 0 0 0 0 0 0 0
1148 2 0 0 0 0 0 0 0 0
1149 2 0 0 0 0 0 0 0 0
1150 2 0 0 0 0 0 0 0 0
1151 2 1 1 0 0 0 0 0 0
1152 2 0 0 0 0 0 0 0 0
1193 4 2 1 0 0 0 0 0 0
1194 4 0 0 4 0 0 0 0 0
1195 4 0 0 4 0 0 0 0 0
1196 4 0 0 0 0 0 0 0 0
1197 4 0 0 0 0 0 0 0 0
1199 4 0 0 0 0 0 0 0 0
1200 4 0 0 0 0 0 0 0 0
1201 4 1 1 0 0 0 0 0 0
1202 4 0 0 0 0 0 0 0 0
1203 4 0 0 0 0 0 0 0 0
1204 4 0 0 0 0 0 0 0 0
1205 4 0 0 0 0 0 0 0 0
1206 1 0 0 1 0 0 0 0 0
1210 1 0 0 0 0 0 0 0 0
1211 1 0 0 0 0 0 0 0 0
1212 1 0 0 0 0 0 0 0 0
1218 1 0 0 0 0 0 0 0 0
1219 1 0 0 0 0 0 0 0 0
1220 2 0 0 0 0 0 0 0 0
1224 1 1 1 0 0 0 0 0 0
1225 1 0 0 0 0 0 0 0 0
1228 1 0 0 1 0 0 0 0 0
1229 1 0 0 1 0 0 0 0 0
1230 1 0 0 0 0 0 0 0 0
1233 1 0 0 0 0 0 0 0 0
1234 1 0 0 0 0 0 0 0 0
1235 1 0 0 0 0 0 0 0 0
1241 1 0 0 0 0 0 0 0 0
1242 1 0 0 0 0 0 0 0 0
1243 1 0 0 0 0 0 0 0 0
1244 1 0 0 0 0 0 0 0 0
1245 1 0 0 0 0 0 0 0 0
1246 1 1 1 0 0 0 0 0 0
1318 32 1 1 0 0 0 0 0 0
1319 32 0 0 32 3 3 0 0 0
1320 32 0 0 32 1 0 0 0 0
1321 32 0 0 0 0 0 0 0 0
1322 32 0 0 0 0 0 0 0 0
1324 32 0 0 0 0 0 0 0 0
1325 32 0 0 0 0 0 0 0 0
1326 32 1 1 0 0 0 0 0 0
1327 32 0 0 0 0 0 0 0 0
1328 32 0 0 0 0 0 0 0 0
1329 32 0 0 0 0 0 0 0 0
1330 32 0 0 0 0 0 0 0 0
1331 9 0 0 9 0 0 0 0 0
1335 9 0 0 0 0 0 0 0 0
1336 9 0 0 0 0 0 0 0 0
1337 9 0 0 0 0 0 0 0 0
1343 9 0 0 0 0 0 0 0 0
1344 9 0 0 0 0 0 0 0 0
1345 18 0 0 0 0 0 0 0 0
1349 10 1 1 0 0 0 0 0 0
1350 10 0 0 0 0 0 0 0 0
1353 9 0 0 9 0 0 0 0 0
1354 9 0 0 9 2 1 0 0 0
1355 9 0 0 0 0 0 0 0 0
1358 9 0 0 0 0 0 0 0 0
1359 9 0 0 0 0 0 0 0 0
1360 9 0 0 0 0 0 0 0 0
1366 9 0 0 0 0 0 0 0 0
1367 9 0 0 0 0 0 0 0 0
1368 9 0 0 0 0 0 0 0 0
1369 9 0 0 0 0 0 0 0 0
1370 9 0 0 0 0 0 0 0 0
1371 9 1 1 0 0 0 0 0 0
1378 1 0 0 0 0 0 0 0 0
1379 1 0 0 0 0 0 0 0 0
1381 1 0 0 0 0 0 0 0 0
1382 1 0 0 0 0 0 0 0 0
1384 1 0 0 1 0 0 0 0 0
1385 1 0 0 1 0 0 0 0 0
1386 1 0 0 0 0 0 0 0 0
1389 1 0 0 0 0 0 0 0 0
1390 1 0 0 0 0 0 0 0 0
1391 1 0 0 0 0 0 0 0 0
1397 1 0 0 0 0 0 0 0 0
1398 1 0 0 0 0 0 0 0 0
1399 1 0 0 0 0 0 0 0 0
1400 1 0 0 0 0 0 0 0 0
1401 1 0 0 0 0 0 0 0 0
1402 1 0 0 0 0 0 0 0 0
1409 1 0 0 0 0 0 0 0 0
1410 1 0 0 0 0 0 0 0 0
1411 1 0 0 0 0 0 0 0 0
1415 1 1 1 0 0 0 0 0 0
1416 1 0 0 0 0 0 0 0 0
1417 1 0 0 0 0 0 0 0 0
1418 1 0 0 0 0 0 0 0 0
1431 1 0 0 1 0 0 0 0 0
1432 1 0 0 0 0 0 0 0 0
1433 1 0 0 0 0 0 0 0 0
1434 1 0 0 0 0 0 0 0 0
1443 25 1 1 0 0 0 0 0 0
1444 25 0 0 25 1 0 0 0 0
1445 25 0 0 25 1 0 0 0 0
1446 25 0 0 0 0 0 0 0 0
1447 25 0 0 0 0 0 0 0 0
1449 25 0 0 0 0 0 0 0 0
1450 25 0 0 0 0 0 0 0 0
1451 25 1 1 0 0 0 0 0 0
1452 25 0 0 0 0 0 0 0 0
1453 25 0 0 0 0 0 0 0 0
1454 25 0 0 0 0 0 0 0 0
1455 25 0 0 0 0 0 0 0 0
1456 11 0 0 11 0 0 0 0 0
1460 11 0 0 0 0 0 0 0 0
1461 11 0 0 0 0 0 0 0 0
1462 11 0 0 0 0 0 0 0 0
1468 11 0 0 0 0 0 0 0 0
1469 11 0 0 0 0 0 0 0 0
1470 22 0 0 0 0 0 0 0 0
1474 11 1 1 0 0 0 0 0 0
1475 11 0 0 0 0 0 0 0 0
1478 11 0 0 11 1 1 0 0 0
1479 11 0 0 11 1 1 0 0 0
1480 11 0 0 0 0 0 0 0 0
1483 11 0 0 0 0 0 0 0 0
1484 11 0 0 0 0 0 0 0 0
1485 11 0 0 0 0 0 0 0 0
1491 11 0 0 0 0 0 0 0 0
1492 11 0 0 0 0 0 0 0 0
1493 11 0 0 0 0 0 0 0 0
1494 11 0 0 0 0 0 0 0 0
1495 11 0 0 0 0 0 0 0 0
1496 11 1 1 0 0 0 0 0 0
1568 12 2 1 0 0 0 0 0 0
1569 12 0 0 12 0 0 0 0 0
1570 12 0 0 12 3 2 0 0 0
1571 12 0 0 0 0 0 0 0 0
1572 12 0 0 0 0 0 0 0 0
1574 12 0 0 0 0 0 0 0 0
1575 12 0 0 0 0 0 0 0 0
1576 12 2 1 0 0 0 0 0 0
1577 12 0 0 0 0 0 0 0 0
1578 12 0 0 0 0 0 0 0 0
1579 12 0 0 0 0 0 0 0 0
1580 12 0 0 0 0 0 0 0 0
1581 6 0 0 6 0 0 0 0 0
1585 6 0 0 0 0 0 0 0 0
1586 6 0 0 0 0 0 0 0 0
1587 6 0 0 0 0 0 0 0 0
1593 6 0 0 0 0 0 0 0 0
1594 6 0 0 0 0 0 0 0 0
1595 12 0 0 0 0 0 0 0 0
1599 6 1 1 0 0 0 0 0 0
1600 6 0 0 0 0 0 0 0 0
1603 6 0 0 6 2 1 0 0 0
1604 6 0 0 6 0 0 0 0 0
1605 6 0 0 0 0 0 0 0 0
1608 6 0 0 0 0 0 0 0 0
1609 6 0 0 0 0 0 0 0 0
1610 6 0 0 0 0 0 0 0 0
1616 6 0 0 0 0 0 0 0 0
1617 6 0 0 0 0 0 0 0 0
1618 6 0 0 0 0 0 0 0 0
1619 6 0 0 0 0 0 0 0 0
1620 6 0 0 0 0 0 0 0 0
1621 6 2 1 0 0 0 0 0 0
1628 2 0 0 0 0 0 0 0 0
1629 2 0 0 0 0 0 0 0 0
1631 2 0 0 0 0 0 0 0 0
1632 2 0 0 0 0 0 0 0 0
1634 2 0 0 2 0 0 0 0 0
1635 2 0 0 2 0 0 0 0 0
1636 2 0 0 0 0 0 0 0 0
1639 2 0 0 0 0 0 0 0 0
1640 2 0 0 0 0 0 0 0 0
1641 2 0 0 0 0 0 0 0 0
1647 2 0 0 0 0 0 0 0 0
1648 2 0 0 0 0 0 0 0 0
1649 2 0 0 0 0 0 0 0 0
1650 2 0 0 0 0 0 0 0 0
1651 2 1 1 0 0 0 0 0 0
1652 2 0 0 0 0 0 0 0 0
1693 18 2 1 0 0 0 0 0 0
1694 18 0 0 18 2 2 0 0 0
1695 18 0 0 18 5 3 0 0 0
1696 18 0 0 0 0 0 0 0 0
1697 18 0 0 0 0 0 0 0 0
1699 18 0 0 0 0 0 0 0 0
1700 18 0 0 0 0 0 0 0 0
1701 18 2 1 0 0 0 0 0 0
1702 18 0 0 0 0 0 0 0 0
1703 18 0 0 0 0 0 0 0 0
1704 18 0 0 0 0 0 0 0 0
1705 18 0 0 0 0 0 0 0 0
1706 8 0 0 8 0 0 0 0 0
1710 8 0 0 0 0 0 0 0 0
1711 8 0 0 0 0 0 0 0 0
1712 8 0 0 0 0 0 0 0 0
1718 8 0 0 0 0 0 0 0 0
1719 8 0 0 0 0 0 0 0 0
1720 16 0 0 0 0 0 0 0 0
1724 8 2 1 0 0 0 0 0 0
1725 8 0 0 0 0 0 0 0 0
1728 8 0 0 8 5 5 0 0 0
1729 8 0 0 8 1 1 0 0 0
1730 8 0 0 0 0 0 0 0 0
1733 8 0 0 0 0 0 0 0 0
1734 8 0 0 0 0 0 0 0 0
1735 8 0 0 0 0 0 0 0 0
1741 8 0 0 0 0 0 0 0 0
1742 8 0 0 0 0 0 0 0 0
1743 8 0 0 0 0 0 0 0 0
1744 8 0 0 0 0 0 0 0 0
1745 8 0 0 0 0 0 0 0 0
1746 8 2 1 0 0 0 0 0 0
1753 2 0 0 0 0 0 0 0 0
1754 2 0 0 0 0 0 0 0 0
1756 2 0 0 0 0 0 0 0 0
1757 2 0 0 0 0 0 0 0 0
1759 2 0 0 2 0 0 0 0 0
1760 2 0 0 2 1 1 0 0 0
1761 2 0 0 0 0 0 0 0 0
1764 2 0 0 0 0 0 0 0 0
1765 2 0 0 0 0 0 0 0 0
1766 2 0 0 0 0 0 0 0 0
1772 2 0 0 0 0 0 0 0 0
1773 2 0 0 0 0 0 0 0 0
1774 2 0 0 0 0 0 0 0 0
1775 2 0 0 0 0 0 0 0 0
1776 2 1 1 0 0 0 0 0 0
1777 2 0 0 0 0 0 0 0 0
1818 18 2 1 0 0 0 0 0 0
1819 18 0 0 18 2 0 0 0 0
1820 18 0 0 18 6 4 0 0 0
1821 18 0 0 0 0 0 0 0 0
1822 18 0 0 0 0 0 0 0 0
1824 18 0 0 0 0 0 0 0 0
1825 18 0 0 0 0 0 0 0 0
1826 18 2 1 0 0 0 0 0 0
1827 18 0 0 0 0 0 0 0 0
1828 18 0 0 0 0 0 0 0 0
1829 18 0 0 0 0 0 0 0 0
1830 18 0 0 0 0 0 0 0 0
1831 11 0 0 11 0 0 0 0 0
1835 11 0 0 0 0 0 0 0 0
1836 11 0 0 0 0 0 0 0 0
1837 11 0 0 0 0 0 0 0 0
1843 11 0 0 0 0 0 0 0 0
1844 11 0 0 0 0 0 0 0 0
1845 22 0 0 0 0 0 0 0 0
1849 13 1 1 0 0 0 0 0 0
1850 13 0 0 0 0 0 0 0 0
1853 13 0 0 13 4 3 0 0 0
1854 13 0 0 13 1 0 0 0 0
1855 13 0 0 0 0 0 0 0 0
1858 13 0 0 0 0 0 0 0 0
1859 13 0 0 0 0 0 0 0 0
1860 13 0 0 0 0 0 0 0 0
1866 13 0 0 0 0 0 0 0 0
1867 13 0 0 0 0 0 0 0 0
1868 13 0 0 0 0 0 0 0 0
1869 13 0 0 0 0 0 0 0 0
1870 13 0 0 0 0 0 0 0 0
1871 13 1 1 0 0 0 0 0 0
1878 5 0 0 0 0 0 0 0 0
1879 5 0 0 0 0 0 0 0 0
1881 5 0 0 0 0 0 0 0 0
1882 5 0 0 0 0 0 0 0 0
1884 5 0 0 5 1 1 0 0 0
1885 5 0 0 5 0 0 0 0 0
1886 5 0 0 0 0 0 0 0 0
1889 5 0 0 0 0 0 0 0 0
1890 5 0 0 0 0 0 0 0 0
1891 5 0 0 0 0 0 0 0 0
1897 5 0 0 0 0 0 0 0 0
1898 5 0 0 0 0 0 0 0 0
1899 5 0 0 0 0 0 0 0 0
1900 5 0 0 0 0 0 0 0 0
1901 5 1 1 0 0 0 0 0 0
1902 5 0 0 0 0 0 0 0 0
1909 2 0 0 0 0 0 0 0 0
1910 2 0 0 0 0 0 0 0 0
1911 2 0 0 0 0 0 0 0 0
1943 19 1 1 0 0 0 0 0 0
1944 19 0 0 19 2 1 0 0 0
1945 19 0 0 19 2 0 0 0 0
1946 19 0 0 0 0 0 0 0 0
1947 19 0 0 0 0 0 0 0 0
1949 19 0 0 0 0 0 0 0 0
1950 19 0 0 0 0 0 0 0 0
1951 19 2 1 0 0 0 0 0 0
1952 19 0 0 0 0 0 0 0 0
1953 19 0 0 0 0 0 0 0 0
1954 19 0 0 0 0 0 0 0 0
1955 19 0 0 0 0 0 0 0 0
1956 9 0 0 9 0 0 0 0 0
1960 9 0 0 0 0 0 0 0 0
1961 9 0 0 0 0 0 0 0 0
1962 9 0 0 0 0 0 0 0 0
1968 9 0 0 0 0 0 0 0 0
1969 9 0 0 0 0 0 0 0 0
1970 18 0 0 0 0 0 0 0 0
1974 11 1 1 0 0 0 0 0 0
1975 11 0 0 0 0 0 0 0 0
1978 11 0 0 11 1 1 0 0 0
1979 11 0 0 11 2 2 0 0 0
1980 11 0 0 0 0 0 0 0 0
1983 11 0 0 0 0 0 0 0 0
1984 11 0 0 0 0 0 0 0 0
1985 11 0 0 0 0 0 0 0 0
1991 11 0 0 0 0 0 0 0 0
1992 11 0 0 0 0 0 0 0 0
1993 11 0 0 0 0 0 0 0 0
1994 11 0 0 0 0 0 0 0 0
1995 11 0 0 0 0 0 0 0 0
1996 11 1 1 0 0 0 0 0 0
2003 4 0 0 0 0 0 0 0 0
2004 4 0 0 0 0 0 0 0 0
2006 4 0 0 0 0 0 0 0 0
2007 4 0 0 0 0 0 0 0 0
2009 4 0 0 4 0 0 0 0 0
2010 4 0 0 4 1 0 0 0 0
2011 4 0 0 0 0 0 0 0 0
2014 4 0 0 0 0 0 0 0 0
2015 4 0 0 0 0 0 0 0 0
2016 4 0 0 0 0 0 0 0 0
2022 4 0 0 0 0 0 0 0 0
2023 4 0 0 0 0 0 0 0 0
2024 4 0 0 0 0 0 0 0 0
2025 4 0 0 0 0 0 0 0 0
2026 4 1 1 0 0 0 0 0 0
2027 4 0 0 0 0 0 0 0 0
2034 2 0 0 0 0 0 0 0 0
2035 2 0 0 0 0 0 0 0 0
2036 2 0 0 0 0 0 0 0 0
2068 57 1 1 0 0 0 0 0 0
2069 57 0 0 57 4 3 0 0 0
2070 57 0 0 57 7 4 0 0 0
2071 57 0 0 0 0 0 0 0 0
2072 57 0 0 0 0 0 0 0 0
2074 57 0 0 0 0 0 0 0 0
2075 57 0 0 0 0 0 0 0 0
2076 57 1 1 0 0 0 0 0 0
2077 57 0 0 0 0 0 0 0 0
2078 57 0 0 0 0 0 0 0 0
2079 57 0 0 0 0 0 0 0 0
2080 57 0 0 0 0 0 0 0 0
2082 19 0 0 19 0 0 0 0 0
2086 19 0 0 0 0 0 0 0 0
2087 19 0 0 0 0 0 0 0 0
2088 19 0 0 0 0 0 0 0 0
2094 19 0 0 0 0 0 0 0 0
2095 19 0 0 0 0 0 0 0 0
2097 38 0 0 0 0 0 0 0 0
2101 19 1 1 0 0 0 0 0 0
2102 19 0 0 0 0 0 0 0 0
2105 19 0 0 19 6 4 0 0 0
2106 19 0 0 19 3 2 0 0 0
2107 19 0 0 0 0 0 0 0 0
2110 19 0 0 0 0 0 0 0 0
2111 19 0 0 0 0 0 0 0 0
2112 19 0 0 0 0 0 0 0 0
2118 19 0 0 0 0 0 0 0 0
2119 19 0 0 0 0 0 0 0 0
2120 19 0 0 0 0 0 0 0 0
2121 19 0 0 0 0 0 0 0 0
2122 19 0 0 0 0 0 0 0 0
2123 19 1 1 0 0 0 0 0 0
2190 1 0 0 0 0 0 0 0 0
2191 1 0 0 0 0 0 0 0 0
2192 1 0 0 0 0 0 0 0 0
2193 2 0 0 0 0 0 0 0 0
2197 182 1 1 0 0 0 0 0 0
2199 310 1 1 0 0 0 0 0 0
2200 310 0 0 0 0 0 0 0 0
2201 310 0 0 0 0 0 0 0 0
2202 310 0 0 0 0 0 0 0 0
2203 194 0 0 0 0 0 0 0 0
2208 2621 1 1 0 0 0 0 0 0
2214 2621 0 0 2621 0 0 0 0 0
2215 2621 0 0 2621 0 0 0 0 0
2223 2621 0 0 0 0 0 0 0 0
2224 2621 0 0 2621 0 0 0 0 0
fl=./string/../sysdeps/x86_64/strcspn.S
fn=strcspn
25 1 1 1 0 0 0 0 0 0
27 1 0 0 0 0 0 0 0 0
34 1 0 0 0 0 0 0 0 0
35 1 1 1 0 0 0 0 0 0
37 1 0 0 0 0 0 0 0 0
38 1 0 0 0 0 0 0 0 0
39 1 0 0 0 0 0 0 0 0
40 1 0 0 0 0 0 0 0 0
41 33 0 0 0 0 0 32 4 4
44 3 0 0 0 0 0 0 0 0
51 1 0 0 1 1 1 0 0 0
52 1 0 0 0 0 0 0 0 0
53 1 0 0 0 0 0 0 0 0
54 1 0 0 0 0 0 1 0 0
56 1 0 0 1 0 0 0 0 0
57 1 0 0 0 0 0 0 0 0
58 1 0 0 0 0 0 0 0 0
59 1 0 0 0 0 0 1 0 0
61 1 0 0 1 0 0 0 0 0
62 1 0 0 0 0 0 0 0 0
63 1 0 0 0 0 0 0 0 0
72 3 1 1 0 0 0 0 0 0
84 13 0 0 0 0 0 0 0 0
86 13 0 0 13 0 0 0 0 0
87 13 0 0 13 0 0 0 0 0
88 13 0 0 0 0 0 0 0 0
90 13 0 0 13 0 0 0 0 0
91 13 0 0 13 0 0 0 0 0
92 13 0 0 0 0 0 0 0 0
94 13 0 0 13 0 0 0 0 0
95 13 0 0 13 0 0 0 0 0
96 13 0 0 0 0 0 0 0 0
98 13 0 0 13 1 1 0 0 0
99 13 0 0 13 0 0 0 0 0
100 13 0 0 0 0 0 0 0 0
102 1 0 0 0 0 0 0 0 0
103 1 0 0 0 0 0 0 0 0
104 1 0 0 0 0 0 0 0 0
106 1 0 0 0 0 0 0 0 0
113 1 0 0 0 0 0 0 0 0
117 1 0 0 1 0 0 0 0 0
fl=./string/./string/strdup.c
fn=strdup
40 30 1 1 0 0 0 12 0 0
41 12 0 0 0 0 0 6 0 0
44 12 0 0 0 0 0 0 0 0
47 24 0 0 0 0 0 0 0 0
48 18 0 0 12 0 0 0 0 0
fl=./wcsmbs/../sysdeps/x86_64/multiarch/ifunc-avx2.h
fn=wcschr
32 4 0 0 0 0 0 0 0 0
33 10 1 1 4 0 0 0 0 0
34 6 0 0 2 0 0 0 0 0
36 4 0 0 0 0 0 0 0 0
37 4 0 0 0 0 0 0 0 0
40 6 0 0 0 0 0 0 0 0
43 8 0 0 0 0 0 0 0 0
fn=wcscmp
32 2 0 0 0 0 0 0 0 0
33 5 1 1 2 0 0 0 0 0
34 3 0 0 1 0 0 0 0 0
36 2 0 0 0 0 0 0 0 0
37 2 0 0 0 0 0 0 0 0
40 3 0 0 0 0 0 0 0 0
43 4 0 0 0 0 0 0 0 0
fl=./wcsmbs/../sysdeps/x86_64/multiarch/ifunc-evex.h
fn=wmemchr
34 4 0 0 0 0 0 0 0 0
35 10 1 1 4 0 0 0 0 0
36 6 0 0 2 0 0 0 0 0
38 4 0 0 0 0 0 0 0 0
39 4 1 1 0 0 0 0 0 0
41 4 0 0 0 0 0 0 0 0
47 6 0 0 0 0 0 0 0 0
50 8 0 0 0 0 0 0 0 0
fl=./wcsmbs/../sysdeps/x86_64/multiarch/ifunc-memcmp.h
fn=wmemcmp
34 4 0 0 2 0 0 0 0 0
35 3 0 0 1 0 0 0 0 0
36 2 1 1 0 0 0 0 0 0
37 3 0 0 1 0 0 0 0 0
39 2 0 0 0 0 0 0 0 0
40 2 0 0 0 0 0 0 0 0
43 3 0 0 0 0 0 0 0 0
46 3 0 0 0 0 0 0 0 0
fl=./wcsmbs/../sysdeps/x86_64/multiarch/ifunc-wcslen.h
fn=wcslen
33 2 0 0 0 0 0 0 0 0
34 4 0 0 2 0 0 0 0 0
35 3 1 1 1 0 0 0 0 0
37 2 0 0 0 0 0 0 0 0
38 2 0 0 0 0 0 0 0 0
41 3 0 0 0 0 0 0 0 0
44 3 0 0 0 0 0 0 0 0
fn=wcsnlen
33 2 0 0 0 0 0 0 0 0
34 4 0 0 2 0 0 0 0 0
35 3 1 1 1 0 0 0 0 0
37 2 0 0 0 0 0 0 0 0
38 2 0 0 0 0 0 0 0 0
41 3 0 0 0 0 0 0 0 0
44 3 0 0 0 0 0 0 0 0
fl=./wcsmbs/../sysdeps/x86_64/multiarch/ifunc-wmemset.h
fn=wmemset
33 10 0 0 4 0 0 0 0 0
34 6 0 0 2 0 0 0 0 0
36 4 0 0 0 0 0 0 0 0
44 6 0 0 0 0 0 0 0 0
47 8 1 1 0 0 0 0 0 0
fl=./wcsmbs/../sysdeps/x86_64/multiarch/wcschr.c
fn=wcschr
31 6 2 2 2 0 0 0 0 0
fl=./wcsmbs/../sysdeps/x86_64/multiarch/wcscmp.c
fn=wcscmp
30 3 1 1 1 0 0 0 0 0
fl=./wcsmbs/../sysdeps/x86_64/multiarch/wcscpy.c
fn=wcscpy
37 5 1 1 2 0 0 0 0 0
43 2 0 0 1 0 0 0 0 0
fl=./wcsmbs/../sysdeps/x86_64/multiarch/wcslen.c
fn=wcslen
29 3 1 1 1 0 0 0 0 0
fl=./wcsmbs/../sysdeps/x86_64/multiarch/wcsnlen.c
fn=wcsnlen
29 3 2 2 1 0 0 0 0 0
fl=./wcsmbs/../sysdeps/x86_64/multiarch/wmemchr.c
fn=wmemchr
31 4 1 1 2 0 0 0 0 0
fl=./wcsmbs/../sysdeps/x86_64/multiarch/wmemcmp.c
fn=wmemcmp
29 3 2 2 1 0 0 0 0 0
fl=./wcsmbs/../sysdeps/x86_64/multiarch/wmemset.c
fn=wmemset
31 4 1 1 2 0 0 0 0 0
fl=./wcsmbs/./wcsmbs/btowc.c
fn=btowc
32 3584 2 2 256 0 0 1280 0 0
37 1792 1 1 0 0 0 0 0 0
42 512 0 0 0 0 0 0 0 0
46 384 0 0 384 1 0 0 0 0
47 256 0 0 256 2 0 0 0 0
49 256 0 0 128 1 0 0 0 0
54 512 0 0 128 0 0 0 0 0
57 640 0 0 128 0 0 256 0 0
98 2304 1 1 1792 0 0 0 0 0
fl=./wcsmbs/./wcsmbs/wctob.c
fn=wctob
30 1664 2 2 128 0 0 512 0 0
39 384 0 0 0 0 0 0 0 0
44 256 0 0 0 0 0 0 0 0
45 128 0 0 0 0 0 0 0 0
81 1024 1 1 768 0 0 0 0 0
fl=./wcsmbs/./wcsmbsload.h
fn=btowc
69 384 0 0 128 1 0 0 0 0
71 384 1 1 0 0 0 0 0 0
72 128 0 0 0 0 0 0 0 0
fl=./wctype/./wctype/wctype_l.c
fn=wctype_l
26 100 1 1 0 0 0 60 0 0
29 20 0 0 0 0 0 10 0 0
32 20 0 0 20 1 0 0 0 0
33 68 0 0 0 0 0 0 0 0
35 174 1 1 0 0 0 58 0 0
37 410 0 0 0 0 0 49 0 0
40 48 0 0 0 0 0 0 0 0
41 96 0 0 48 0 0 0 0 0
45 10 0 0 10 1 0 0 0 0
46 10 0 0 10 2 0 0 0 0
47 80 0 0 70 0 0 0 0 0
fl=/mnt/c/Users/Deepa/Projects/HPLOBMMS/cpp/benchmarks/profile_driver.cpp
fn=_GLOBAL__sub_I_main
69 3 1 1 1 1 0 1 0 0
fn=main
21 10 2 2 1 0 0 6 0 0
30 8 0 0 0 0 0 1 0 0
33 726170 1 1 0 0 0 0 0 0
34 1694392 1 1 242056 211799 211799 0 0 0
36 968224 1 1 0 0 0 242056 0 0
37 242056 0 0 0 0 0 0 0 0
39 1 0 0 0 0 0 0 0 0
45 726168 0 0 0 0 0 242056 0 0
50 60002 0 0 0 0 0 0 0 0
51 124096 1 1 20000 16507 16507 0 0 0
53 64096 1 1 0 0 0 16024 0 0
54 16024 0 0 0 0 0 0 0 0
56 15906 1 1 0 0 0 3976 0 0
57 3976 0 0 0 0 0 0 0 0
62 60000 0 0 0 0 0 20000 0 0
69 15 1 1 8 2 2 2 0 0
fl=/mnt/c/Users/Deepa/Projects/HPLOBMMS/cpp/benchmarks/workload.cpp
fn=_GLOBAL__sub_I__ZN3lob5bench13kPassiveHeavyE
8 12 1 1 0 0 0 2 0 0
9 9 0 0 0 0 0 2 0 0
10 12 2 1 2 0 0 1 0 0
351 14 1 1 5 0 0 5 0 0
fn=lob::bench::(anonymous namespace)::seed_two_sided_book(unsigned long, unsigned long, long, unsigned long&, unsigned long&) [clone .constprop.0]
17 100000 0 0 0 0 0 50000 0 0
29 850000 0 0 50000 0 0 650000 17 0
31 525000 3 3 150000 0 0 375000 6 0
60 13 2 2 1 0 0 8 2 0
63 2 0 0 0 0 0 0 0 0
64 5 0 0 0 0 0 0 0 0
66 2 1 1 0 0 0 0 0 0
67 12 1 1 0 0 0 3 1 0
68 1 0 0 0 0 0 0 0 0
69 1 0 0 0 0 0 0 0 0
71 10010 0 0 7500 0 0 2 0 0
72 9999 1 1 4999 8 0 2500 0 0
73 7499 0 0 2499 0 0 2500 0 0
74 80000 1 1 25000 0 0 0 0 0
75 100000 1 1 25000 0 0 50000 0 0
77 97500 0 0 47500 0 0 25000 0 0
78 50000 1 1 0 0 0 25000 8 0
79 50000 0 0 0 0 0 25000 4 0
81 100000 1 1 25000 8 0 50000 0 0
83 100000 1 1 50000 4 0 25000 0 0
89 12 1 1 9 2 1 0 0 0
fn=lob::bench::generate_mixed_workload(lob::bench::WorkloadMix const&, unsigned long, unsigned long, unsigned long)
17 416160 0 0 0 0 0 208080 6 2
29 3537361 2 2 208080 0 0 2705040 23 8
31 2192852 5 5 624240 0 0 1472584 3 0
39 4 0 0 0 0 0 0 0 0
269 16 2 2 1 0 0 8 1 0
271 2 0 0 0 0 0 1 0 0
272 1 0 0 0 0 0 1 0 0
274 1 0 0 0 0 0 1 1 0
275 1 0 0 0 0 0 1 0 0
289 10 2 2 3 1 1 0 0 0
291 5 1 1 0 0 0 2 1 0
294 6 0 0 0 0 0 2 1 0
303 1536451 0 0 672197 3 3 672196 144042 144042
304 576168 2 2 192056 0 0 192056 0 0
306 672200 2 2 4 2 2 288084 0 0
312 4 1 1 2 1 1 2 1 1
313 3 0 0 2 0 0 1 0 0
317 2 0 0 1 1 1 1 0 0
318 2 0 0 1 0 0 1 0 0
320 80004 1 1 60001 5 0 1 0 0
323 84034 0 0 20000 0 0 0 0 0
326 31932 0 0 7983 2 0 15966 0 0
327 35980 1 1 7983 0 0 7983 0 0
330 36051 1 1 12017 0 0 0 0 0
333 67592 0 0 3976 0 0 51688 6 0
334 3976 0 0 0 0 0 3976 0 0
335 3976 0 0 0 0 0 3976 0 0
336 19880 1 1 11928 3926 2891 3976 0 0
337 4 0 0 0 0 0 2 0 0
338 7952 1 1 3976 3 0 3976 1 0
342 32164 0 0 8041 3 0 0 0 0
343 56287 1 1 16082 0 0 24123 0 0
349 12 1 1 9 1 1 0 0 0
fl=/mnt/c/Users/Deepa/Projects/HPLOBMMS/cpp/benchmarks/workload.hpp
fn=lob::bench::Workload::~Workload()
37 4 1 1 1 0 0 1 0 0
fn=lob::bench::WorkloadMix::~WorkloadMix()
21 3 1 1 0 0 0 0 0 0
fl=/mnt/c/Users/Deepa/Projects/HPLOBMMS/cpp/include/matching_engine.hpp
fn=lob::MatchingEngine::~MatchingEngine()
23 13 1 1 6 1 1 5 0 0
fn=main
23 3 1 1 1 1 1 2 0 0
46 3 0 0 0 0 0 1 0 0
fl=/usr/include/c++/11/bits/basic_string.h
fn=lob::bench::WorkloadMix::~WorkloadMix()
195 3 0 0 3 3 3 0 0 0
211 3 0 0 0 0 0 0 0 0
239 6 0 0 0 0 0 0 0 0
245 6 0 0 3 0 0 0 0 0
fn=std::__cxx11::basic_string<char, std::char_traits<char>, std::allocator<char> >::basic_string<std::allocator<char> >(char const*, std::allocator<char> const&)
165 3 0 0 0 0 0 3 3 2
187 3 0 0 0 0 0 3 0 0
191 3 0 0 0 0 0 3 0 0
195 3 0 0 3 0 0 0 0 0
201 3 0 0 0 0 0 0 0 0
219 3 0 0 0 0 0 3 0 0
533 18 1 1 0 0 0 12 0 0
536 9 0 0 0 0 0 0 0 0
540 18 0 0 15 0 0 0 0 0
fl=/usr/include/c++/11/bits/basic_string.tcc
fn=std::__cxx11::basic_string<char, std::char_traits<char>, std::allocator<char> >::basic_string<std::allocator<char> >(char const*, std::allocator<char> const&)
153 3 1 1 0 0 0 0 0 0
217 6 0 0 0 0 0 0 0 0
fl=/usr/include/c++/11/bits/char_traits.h
fn=std::__cxx11::basic_string<char, std::char_traits<char>, std::allocator<char> >::basic_string<std::allocator<char> >(char const*, std::allocator<char> const&)
357 3 0 0 0 0 0 3 0 0
399 12 0 0 0 0 0 3 0 0
437 15 1 1 0 0 0 3 0 0
fl=/usr/include/c++/11/bits/hashtable.h
fn=lob::MatchingEngine::~MatchingEngine()
422 1 0 0 0 0 0 0 0 0
446 2 0 0 0 0 0 0 0 0
454 2 1 1 2 1 0 0 0 0
463 1 0 0 1 0 0 0 0 0
2321 5 0 0 2 1 1 1 0 0
2323 1 0 0 0 0 0 1 0 0
2324 1 0 0 0 0 0 1 0 0
fn=main
528 7 0 0 0 0 0 5 1 1
fl=/usr/include/c++/11/bits/hashtable_policy.h
fn=lob::MatchingEngine::~MatchingEngine()
282 229945 0 0 0 0 0 0 0 0
283 229945 0 0 229945 229908 203506 0 0 0
1912 459893 0 0 0 0 0 0 0 0
fn=main
219 1 1 1 0 0 0 1 0 0
447 2 0 0 0 0 0 2 0 0
fl=/usr/include/c++/11/bits/list.tcc
fn=lob::MatchingEngine::~MatchingEngine()
70 30 0 0 30 23 16 0 0 0
71 210 1 1 0 0 0 0 0 0
74 30 0 0 30 21 21 0 0 0
fn=std::_Rb_tree<long, std::pair<long const, lob::PriceLevel>, std::_Select1st<std::pair<long const, lob::PriceLevel> >, std::greater<long>, std::allocator<std::pair<long const, lob::PriceLevel> > >::_M_erase(std::_Rb_tree_node<std::pair<long const, lob::PriceLevel> >*) [clone .isra.0]
70 90453 1 1 90453 43435 43231 0 0 0
71 874155 3 3 220670 0 0 0 0 0
74 182269 1 1 115023 87985 87972 67246 0 0
fn=std::_Rb_tree<long, std::pair<long const, lob::PriceLevel>, std::_Select1st<std::pair<long const, lob::PriceLevel> >, std::less<long>, std::allocator<std::pair<long const, lob::PriceLevel> > >::_M_erase(std::_Rb_tree_node<std::pair<long const, lob::PriceLevel> >*) [clone .isra.0]
70 90455 3 3 90455 47477 40451 0 0 0
71 873603 4 4 220505 0 0 0 0 0
74 182101 1 1 114892 91589 78560 67209 0 0
fl=/usr/include/c++/11/bits/random.h
fn=lob::bench::generate_mixed_workload(lob::bench::WorkloadMix const&, unsigned long, unsigned long, unsigned long)
1870 20000 0 0 0 0 0 0 0 0
3640 48072 0 0 16024 8 1 0 0 0
fl=/usr/include/c++/11/bits/random.tcc
fn=lob::bench::generate_mixed_workload(lob::bench::WorkloadMix const&, unsigned long, unsigned long, unsigned long)
327 1 1 1 0 0 0 1 0 0
330 935 1 1 0 0 0 0 0 0
333 933 0 0 0 0 0 0 0 0
334 313 0 0 0 0 0 0 0 0
335 311 0 0 0 0 0 0 0 0
336 311 0 0 0 0 0 311 39 39
339 1 0 0 0 0 0 1 0 0
455 152046 3 3 19999 7 0 0 0 0
456 470 3 3 37 0 0 194 0 0
459 188256 3 3 68104 186 0 56024 0 0
460 224097 2 2 0 0 0 0 0 0
461 224097 3 3 0 0 0 0 0 0
462 280120 2 2 0 0 0 0 0 0
463 132048 0 0 0 0 0 0 0 0
3366 324156 2 2 0 0 0 0 0 0
3369 36024 2 2 36024 8 1 0 0 0
3370 72048 1 1 36024 0 0 0 0 0
fn=std::mersenne_twister_engine<unsigned long, 64ul, 312ul, 156ul, 31ul, 13043109905998158313ul, 29ul, 6148914691236517205ul, 17ul, 8202884508482404352ul, 37ul, 18444473444759240704ul, 43ul, 6364136223846793005ul>::_M_gen_rand()
394 1260 1 1 180 0 0 0 0 0
401 84600 1 1 180 0 0 0 0 0
403 84240 0 0 0 0 0 0 0 0
404 84240 0 0 28080 74 0 0 0 0
405 112320 0 0 28080 6 0 28080 0 0
406 70313 0 0 0 0 0 0 0 0
409 83700 0 0 0 0 0 0 0 0
411 83700 0 0 0 0 0 0 0 0
412 83700 0 0 27900 0 0 0 0 0
413 111600 1 1 27900 0 0 27900 0 0
414 70102 0 0 0 0 0 0 0 0
417 540 0 0 180 0 0 0 0 0
418 360 0 0 180 0 0 0 0 0
419 720 1 1 180 0 0 180 0 0
420 516 0 0 0 0 0 0 0 0
421 180 0 0 0 0 0 180 0 0
422 180 0 0 180 0 0 0 0 0
fl=/usr/include/c++/11/bits/stl_algobase.h
fn=lob::bench::generate_mixed_workload(lob::bench::WorkloadMix const&, unsigned long, unsigned long, unsigned long)
259 2 0 0 0 0 0 0 0 0
fl=/usr/include/c++/11/bits/stl_construct.h
fn=lob::bench::(anonymous namespace)::seed_two_sided_book(unsigned long, unsigned long, long, unsigned long&, unsigned long&) [clone .constprop.0]
94 49983 0 0 49983 0 0 0 0 0
97 99966 0 0 0 0 0 99966 12405 7419
fn=lob::bench::generate_mixed_workload(lob::bench::WorkloadMix const&, unsigned long, unsigned long, unsigned long)
94 212038 3 3 212038 0 0 0 0 0
97 7983 0 0 0 0 0 7983 506 502
fn=void std::vector<lob::bench::WorkloadOp, std::allocator<lob::bench::WorkloadOp> >::_M_realloc_insert<lob::bench::WorkloadOp const&>(__gnu_cxx::__normal_iterator<lob::bench::WorkloadOp*, std::vector<lob::bench::WorkloadOp, std::allocator<lob::bench::WorkloadOp> > >, lob::bench::WorkloadOp const&)
94 32858 1 1 32848 8192 0 10 10 10
fn=void std::vector<lob::bench::WorkloadOp, std::allocator<lob::bench::WorkloadOp> >::_M_realloc_insert<lob::bench::WorkloadOp>(__gnu_cxx::__normal_iterator<lob::bench::WorkloadOp*, std::vector<lob::bench::WorkloadOp, std::allocator<lob::bench::WorkloadOp> > >, lob::bench::WorkloadOp&&)
94 557172 0 0 557112 138872 68073 60 56 56
fn=void std::vector<long, std::allocator<long> >::_M_realloc_insert<long const&>(__gnu_cxx::__normal_iterator<long*, std::vector<long, std::allocator<long> > >, long const&)
97 34 0 0 17 0 0 17 8 2
fn=void std::vector<unsigned long, std::allocator<unsigned long> >::_M_realloc_insert<unsigned long const&>(__gnu_cxx::__normal_iterator<unsigned long*, std::vector<unsigned long, std::allocator<unsigned long> > >, unsigned long const&)
97 34 0 0 17 8 0 17 9 4
fl=/usr/include/c++/11/bits/stl_iterator.h
fn=lob::bench::generate_mixed_workload(lob::bench::WorkloadMix const&, unsigned long, unsigned long, unsigned long)
1028 24036 0 0 24036 2 0 0 0 0
fn=main
1028 4 0 0 4 2 2 0 0 0
fn=void std::vector<lob::bench::WorkloadOp, std::allocator<lob::bench::WorkloadOp> >::_M_realloc_insert<lob::bench::WorkloadOp const&>(__gnu_cxx::__normal_iterator<lob::bench::WorkloadOp*, std::vector<lob::bench::WorkloadOp, std::allocator<lob::bench::WorkloadOp> > >, lob::bench::WorkloadOp const&)
1271 10 0 0 0 0 0 0 0 0
fn=void std::vector<lob::bench::WorkloadOp, std::allocator<lob::bench::WorkloadOp> >::_M_realloc_insert<lob::bench::WorkloadOp>(__gnu_cxx::__normal_iterator<lob::bench::WorkloadOp*, std::vector<lob::bench::WorkloadOp, std::allocator<lob::bench::WorkloadOp> > >, lob::bench::WorkloadOp&&)
1271 60 0 0 0 0 0 0 0 0
fn=void std::vector<long, std::allocator<long> >::_M_realloc_insert<long const&>(__gnu_cxx::__normal_iterator<long*, std::vector<long, std::allocator<long> > >, long const&)
1271 51 1 1 0 0 0 0 0 0
fn=void std::vector<unsigned long, std::allocator<unsigned long> >::_M_realloc_insert<unsigned long const&>(__gnu_cxx::__normal_iterator<unsigned long*, std::vector<unsigned long, std::allocator<unsigned long> > >, unsigned long const&)
1271 51 0 0 0 0 0 0 0 0
fl=/usr/include/c++/11/bits/stl_tree.h
fn=lob::MatchingEngine::~MatchingEngine()
735 2 0 0 2 2 2 0 0 0
780 30 0 0 30 8 1 0 0 0
1887 64 0 0 0 0 0 0 0 0
1889 90 1 1 30 30 30 30 0 0
fn=main
175 2 0 0 0 0 0 2 0 0
208 2 0 0 0 0 0 2 0 0
209 4 1 1 0 0 0 2 1 1
210 2 0 0 0 0 0 2 1 1
211 2 1 1 0 0 0 2 0 0
fn=std::_Rb_tree<long, std::pair<long const, lob::PriceLevel>, std::_Select1st<std::pair<long const, lob::PriceLevel> >, std::greater<long>, std::allocator<std::pair<long const, lob::PriceLevel> > >::_M_erase(std::_Rb_tree_node<std::pair<long const, lob::PriceLevel> >*) [clone .isra.0]
779 12467 0 0 12467 7 1 0 0 0
780 128567 2 2 100020 188 1 28547 0 0
788 87553 1 1 87553 77986 77986 0 0 0
1883 99856 0 0 0 0 0 87374 4 2
1887 466136 3 3 67847 0 0 4013 0 0
1889 49868 0 0 12467 12467 12467 37401 0 0
1894 99856 0 0 87374 18 3 0 0 0
fn=std::_Rb_tree<long, std::pair<long const, lob::PriceLevel>, std::_Select1st<std::pair<long const, lob::PriceLevel> >, std::less<long>, std::allocator<std::pair<long const, lob::PriceLevel> > >::_M_erase(std::_Rb_tree_node<std::pair<long const, lob::PriceLevel> >*) [clone .isra.0]
779 12467 0 0 12467 8 0 0 0 0
780 128570 2 2 100023 240 0 28547 0 0
788 87556 0 0 87556 77988 71690 0 0 0
1883 99856 1 1 0 0 0 87374 3 3
1887 466146 3 3 67847 0 0 4014 0 0
1889 49868 0 0 12467 12467 11678 37401 0 0
1894 99856 1 1 87374 18 2 0 0 0
fl=/usr/include/c++/11/bits/stl_uninitialized.h
fn=void std::vector<lob::bench::WorkloadOp, std::allocator<lob::bench::WorkloadOp> >::_M_realloc_insert<lob::bench::WorkloadOp const&>(__gnu_cxx::__normal_iterator<lob::bench::WorkloadOp*, std::vector<lob::bench::WorkloadOp, std::allocator<lob::bench::WorkloadOp> > >, lob::bench::WorkloadOp const&)
1030 5 0 0 0 0 0 0 0 0
1031 262704 3 3 82085 18432 0 114923 26671 26670
fn=void std::vector<lob::bench::WorkloadOp, std::allocator<lob::bench::WorkloadOp> >::_M_realloc_insert<lob::bench::WorkloadOp>(__gnu_cxx::__normal_iterator<lob::bench::WorkloadOp*, std::vector<lob::bench::WorkloadOp, std::allocator<lob::bench::WorkloadOp> > >, lob::bench::WorkloadOp&&)
1030 28 0 0 0 0 0 0 0 0
1031 4456414 4 4 1392570 312437 153159 1949622 452554 452543
fn=void std::vector<long, std::allocator<long> >::_M_realloc_insert<long const&>(__gnu_cxx::__normal_iterator<long*, std::vector<long, std::allocator<long> > >, long const&)
1009 17 0 0 0 0 0 0 0 0
1010 68 0 0 0 0 0 0 0 0
1011 32 0 0 0 0 0 16 0 0
1012 68 1 1 0 0 0 17 0 0
fn=void std::vector<unsigned long, std::allocator<unsigned long> >::_M_realloc_insert<unsigned long const&>(__gnu_cxx::__normal_iterator<unsigned long*, std::vector<unsigned long, std::allocator<unsigned long> > >, unsigned long const&)
1009 17 0 0 0 0 0 0 0 0
1010 68 0 0 0 0 0 0 0 0
1011 32 0 0 0 0 0 16 0 0
1012 68 0 0 0 0 0 17 0 0
fl=/usr/include/c++/11/bits/stl_vector.h
fn=lob::MatchingEngine::~MatchingEngine()
353 2 0 0 0 0 0 0 0 0
680 1 0 0 1 1 1 0 0 0
fn=lob::bench::(anonymous namespace)::seed_two_sided_book(unsigned long, unsigned long, long, unsigned long&, unsigned long&) [clone .constprop.0]
98 6 0 0 0 0 0 5 2 0
1189 300000 2 2 200000 0 0 0 0 0
1194 199932 0 0 0 0 0 99966 0 0
1198 119 1 1 2 0 0 34 0 0
fn=lob::bench::Workload::~Workload()
336 4 0 0 2 1 1 0 0 0
353 4 0 0 0 0 0 0 0 0
680 2 0 0 2 2 2 0 0 0
fn=lob::bench::generate_mixed_workload(lob::bench::WorkloadMix const&, unsigned long, unsigned long, unsigned long)
98 4 0 0 0 0 0 3 0 0
103 2 0 0 1 0 0 1 0 0
104 6 0 0 2 0 0 3 0 0
105 3 1 1 0 0 0 2 0 0
111 5 0 0 2 1 1 2 0 0
113 4 1 1 2 1 1 2 0 0
336 4 0 0 2 0 0 0 0 0
353 10 1 1 0 0 0 0 0 0
680 4 1 1 4 1 0 0 0 0
919 7952 0 0 0 0 0 0 0 0
1046 3976 0 0 0 0 0 0 0 0
1189 35877 1 1 23918 4 0 0 0 0
1194 83514 0 0 23826 0 0 39751 6461 6458
1198 20 1 1 10 0 0 5 0 0
1225 3976 0 0 0 0 0 0 0 0
1228 7952 0 0 0 0 0 3976 1 0
fn=main
336 1048224 1 1 524112 0 0 0 0 0
353 1048224 0 0 0 0 0 0 0 0
680 524112 0 0 524112 0 0 0 0 0
fn=void std::vector<lob::bench::WorkloadOp, std::allocator<lob::bench::WorkloadOp> >::_M_realloc_insert<lob::bench::WorkloadOp const&>(__gnu_cxx::__normal_iterator<lob::bench::WorkloadOp*, std::vector<lob::bench::WorkloadOp, std::allocator<lob::bench::WorkloadOp> > >, lob::bench::WorkloadOp const&)
346 10 0 0 0 0 0 0 0 0
353 10 0 0 0 0 0 0 0 0
918 5 0 0 5 0 0 0 0 0
919 25 0 0 0 0 0 0 0 0
1758 50 1 1 0 0 0 0 0 0
1762 10 0 0 0 0 0 0 0 0
fn=void std::vector<lob::bench::WorkloadOp, std::allocator<lob::bench::WorkloadOp> >::_M_realloc_insert<lob::bench::WorkloadOp>(__gnu_cxx::__normal_iterator<lob::bench::WorkloadOp*, std::vector<lob::bench::WorkloadOp, std::allocator<lob::bench::WorkloadOp> > >, lob::bench::WorkloadOp&&)
346 60 1 1 0 0 0 0 0 0
353 60 1 1 0 0 0 0 0 0
918 30 0 0 30 0 0 0 0 0
919 150 1 1 0 0 0 0 0 0
1758 300 0 0 0 0 0 0 0 0
1762 60 0 0 0 0 0 0 0 0
fn=void std::vector<long, std::allocator<long> >::_M_realloc_insert<long const&>(__gnu_cxx::__normal_iterator<long*, std::vector<long, std::allocator<long> > >, long const&)
346 34 0 0 0 0 0 0 0 0
353 2 0 0 0 0 0 0 0 0
919 51 0 0 0 0 0 0 0 0
1758 170 1 1 0 0 0 0 0 0
1762 34 0 0 0 0 0 0 0 0
fn=void std::vector<unsigned long, std::allocator<unsigned long> >::_M_realloc_insert<unsigned long const&>(__gnu_cxx::__normal_iterator<unsigned long*, std::vector<unsigned long, std::allocator<unsigned long> > >, unsigned long const&)
346 34 0 0 0 0 0 0 0 0
353 2 1 1 0 0 0 0 0 0
919 51 0 0 0 0 0 0 0 0
1758 170 0 0 0 0 0 0 0 0
1762 34 1 1 0 0 0 0 0 0
fl=/usr/include/c++/11/bits/uniform_int_dist.h
fn=lob::bench::generate_mixed_workload(lob::bench::WorkloadMix const&, unsigned long, unsigned long, unsigned long)
258 88041 2 2 0 0 0 0 0 0
260 23918 0 0 0 0 0 0 0 0
262 4 0 0 0 0 0 1 0 0
263 16082 0 0 0 0 0 0 0 0
269 20000 2 2 0 0 0 0 0 0
290 6 0 0 2 0 0 2 0 0
294 31901 0 0 7983 4 0 0 0 0
298 7983 0 0 0 0 0 0 0 0
360 24065 0 0 7983 0 0 0 0 0
fl=/usr/include/c++/11/bits/vector.tcc
fn=lob::bench::(anonymous namespace)::seed_two_sided_book(unsigned long, unsigned long, long, unsigned long&, unsigned long&) [clone .constprop.0]
112 177497 0 0 99998 5 0 0 0 0
117 749745 0 0 299898 0 0 399864 81221 81219
121 84 1 1 17 0 0 17 7 0
fn=lob::bench::generate_mixed_workload(lob::bench::WorkloadMix const&, unsigned long, unsigned long, unsigned long)
112 624244 1 1 224106 0 0 0 0 0
117 1880677 3 3 672234 0 0 992340 194059 194053
121 50 2 2 24 0 0 13 0 0
fn=void std::vector<lob::bench::WorkloadOp, std::allocator<lob::bench::WorkloadOp> >::_M_realloc_insert<lob::bench::WorkloadOp const&>(__gnu_cxx::__normal_iterator<lob::bench::WorkloadOp*, std::vector<lob::bench::WorkloadOp, std::allocator<lob::bench::WorkloadOp> > >, lob::bench::WorkloadOp const&)
426 45 1 1 5 0 0 30 1 0
464 65 1 1 0 0 0 0 0 0
501 10 0 0 5 1 0 0 0 0
502 5 0 0 0 0 0 5 0 0
504 10 0 0 0 0 0 5 0 0
505 40 0 0 35 1 0 0 0 0
fn=void std::vector<lob::bench::WorkloadOp, std::allocator<lob::bench::WorkloadOp> >::_M_realloc_insert<lob::bench::WorkloadOp>(__gnu_cxx::__normal_iterator<lob::bench::WorkloadOp*, std::vector<lob::bench::WorkloadOp, std::allocator<lob::bench::WorkloadOp> > >, lob::bench::WorkloadOp&&)
426 270 1 1 30 0 0 180 7 0
464 368 0 0 0 0 0 0 0 0
501 56 0 0 28 16 2 0 0 0
502 30 0 0 0 0 0 30 10 2
504 60 0 0 0 0 0 30 0 0
505 240 0 0 210 16 2 0 0 0
fn=void std::vector<long, std::allocator<long> >::_M_realloc_insert<long const&>(__gnu_cxx::__normal_iterator<long*, std::vector<long, std::allocator<long> > >, long const&)
426 187 0 0 34 0 0 102 0 0
464 34 0 0 0 0 0 0 0 0
501 32 0 0 16 4 0 0 0 0
502 34 0 0 17 0 0 17 0 0
504 51 0 0 0 0 0 17 0 0
505 136 0 0 119 4 0 0 0 0
fn=void std::vector<unsigned long, std::allocator<unsigned long> >::_M_realloc_insert<unsigned long const&>(__gnu_cxx::__normal_iterator<unsigned long*, std::vector<unsigned long, std::allocator<unsigned long> > >, unsigned long const&)
426 187 1 1 34 0 0 102 0 0
464 34 0 0 0 0 0 0 0 0
501 32 0 0 16 4 0 0 0 0
502 34 0 0 17 0 0 17 0 0
504 51 0 0 0 0 0 17 0 0
505 136 0 0 119 4 0 0 0 0
fl=/usr/include/c++/11/ext/new_allocator.h
fn=lob::MatchingEngine::~MatchingEngine()
145 460042 1 1 0 0 0 230006 0 0
fn=lob::bench::Workload::~Workload()
145 2 0 0 0 0 0 1 0 0
fn=lob::bench::WorkloadMix::~WorkloadMix()
145 6 0 0 0 0 0 0 0 0
fn=lob::bench::generate_mixed_workload(lob::bench::WorkloadMix const&, unsigned long, unsigned long, unsigned long)
145 3 0 0 0 0 0 2 0 0
fn=main
145 524112 1 1 0 0 0 524112 0 0
fn=std::_Rb_tree<long, std::pair<long const, lob::PriceLevel>, std::_Select1st<std::pair<long const, lob::PriceLevel> >, std::greater<long>, std::allocator<std::pair<long const, lob::PriceLevel> > >::_M_erase(std::_Rb_tree_node<std::pair<long const, lob::PriceLevel> >*) [clone .isra.0]
145 667296 4 4 9567 0 0 371367 0 0
fn=std::_Rb_tree<long, std::pair<long const, lob::PriceLevel>, std::_Select1st<std::pair<long const, lob::PriceLevel> >, std::less<long>, std::allocator<std::pair<long const, lob::PriceLevel> > >::_M_erase(std::_Rb_tree_node<std::pair<long const, lob::PriceLevel> >*) [clone .isra.0]
145 666912 0 0 9568 0 0 371110 0 0
fn=std::__cxx11::basic_string<char, std::char_traits<char>, std::allocator<char> >::basic_string<std::allocator<char> >(char const*, std::allocator<char> const&)
127 6 0 0 0 0 0 3 0 0
fn=void std::vector<lob::bench::WorkloadOp, std::allocator<lob::bench::WorkloadOp> >::_M_realloc_insert<lob::bench::WorkloadOp const&>(__gnu_cxx::__normal_iterator<lob::bench::WorkloadOp*, std::vector<lob::bench::WorkloadOp, std::allocator<lob::bench::WorkloadOp> > >, lob::bench::WorkloadOp const&)
127 70 2 2 10 0 0 15 0 0
145 20 0 0 5 0 0 10 1 0
fn=void std::vector<lob::bench::WorkloadOp, std::allocator<lob::bench::WorkloadOp> >::_M_realloc_insert<lob::bench::WorkloadOp>(__gnu_cxx::__normal_iterator<lob::bench::WorkloadOp*, std::vector<lob::bench::WorkloadOp, std::allocator<lob::bench::WorkloadOp> > >, lob::bench::WorkloadOp&&)
127 420 2 2 60 0 0 90 7 0
145 112 0 0 28 0 0 56 16 2
fn=void std::vector<long, std::allocator<long> >::_M_realloc_insert<long const&>(__gnu_cxx::__normal_iterator<long*, std::vector<long, std::allocator<long> > >, long const&)
127 170 2 2 17 0 0 34 0 0
145 48 0 0 0 0 0 16 0 0
fn=void std::vector<unsigned long, std::allocator<unsigned long> >::_M_realloc_insert<unsigned long const&>(__gnu_cxx::__normal_iterator<unsigned long*, std::vector<unsigned long, std::allocator<unsigned long> > >, unsigned long const&)
127 170 2 2 17 0 0 34 0 0
145 48 0 0 0 0 0 16 0 0
fl=/usr/include/c++/11/iostream
fn=_GLOBAL__sub_I_main
74 7 1 0 1 1 0 1 0 0
fl=/usr/include/c++/11/ostream
fn=main
171 7 1 1 1 1 1 2 0 0
525 4 0 0 0 0 0 2 0 0
616 9 0 0 0 0 0 2 0 0
fl=???
fn=(below main)
0 12 1 1 2 1 0 3 0 0
fn=???
0 17113873 290 279 8556534 395 97 477 21 13
fn=__cpu_indicator_init
0 367 34 34 47 4 2 13 0 0
fn=__cxa_get_globals
0 14 1 1 2 0 0 2 0 0
fn=__gnu_cxx::stdio_sync_filebuf<char, std::char_traits<char> >::sync()
0 15 1 1 5 2 2 0 0 0
fn=__gnu_cxx::stdio_sync_filebuf<char, std::char_traits<char> >::xsputn(char const*, long)
0 30 2 2 5 3 2 0 0 0
fn=__gnu_cxx::stdio_sync_filebuf<wchar_t, std::char_traits<wchar_t> >::sync()
0 15 0 0 5 2 2 0 0 0
fn=bool std::has_facet<std::ctype<char> >(std::locale const&)
0 12 1 1 4 0 0 0 0 0
fn=bool std::has_facet<std::ctype<wchar_t> >(std::locale const&)
0 12 1 1 4 0 0 0 0 0
fn=bool std::has_facet<std::num_get<char, std::istreambuf_iterator<char, std::char_traits<char> > > >(std::locale const&)
0 12 0 0 4 0 0 0 0 0
fn=bool std::has_facet<std::num_get<wchar_t, std::istreambuf_iterator<wchar_t, std::char_traits<wchar_t> > > >(std::locale const&)
0 12 0 0 4 0 0 0 0 0
fn=bool std::has_facet<std::num_put<char, std::ostreambuf_iterator<char, std::char_traits<char> > > >(std::locale const&)
0 12 1 1 4 0 0 0 0 0
fn=bool std::has_facet<std::num_put<wchar_t, std::ostreambuf_iterator<wchar_t, std::char_traits<wchar_t> > > >(std::locale const&)
0 12 1 1 4 0 0 0 0 0
fn=lob::MatchingEngine::cancel(lob::CancelOrder const&)
0 345912 9 9 95424 7442 6818 123256 209 2
fn=lob::MatchingEngine::drain_market_data()
0 3144672 2 2 786168 0 0 1572336 11 4
fn=lob::MatchingEngine::process_new_order(lob::NewOrder const&)
0 31421608 18 18 9024814 225833 213626 7750441 62 8
fn=lob::MatchingEngine::rest_order(lob::Order const&)
0 13502106 5 5 4500702 34 8 3250507 9 2
fn=lob::MatchingEngine::submit(lob::NewOrder const&)
0 3871200 1 1 1290400 0 0 774240 0 0
fn=lob::MatchingEngine::walk_match(lob::Order&, std::vector<std::variant<lob::OrderAccepted, lob::OrderRejected, lob::OrderRested, lob::OrderPartiallyFilled, lob::OrderFilled, lob::OrderCancelled, lob::OrderReplaced, lob::TradeExecuted>, std::allocator<std::variant<lob::OrderAccepted, lob::OrderRejected, lob::OrderRested, lob::OrderPartiallyFilled, lob::OrderFilled, lob::OrderCancelled, lob::OrderReplaced, lob::TradeExecuted> > >&)
0 14310457 18 18 4771642 22944 18775 2698929 25 3
fn=lob::OrderBook::add_order(lob::Order const&)
0 79060613 18 18 28067677 29 4 6736191 16 0
fn=lob::OrderBook::best_order(lob::Side) const
0 2129255 2 2 532314 9 2 0 0 0
fn=lob::OrderBook::cancel_order(unsigned long)
0 883709 9 9 340971 34843 2199 35784 0 0
fn=lob::OrderBook::fill_best_order(lob::Side, unsigned long)
0 967080 8 8 257888 16712 11080 145062 0 0
fn=lob::OrderBook::find_order(unsigned long) const
0 71568 1 1 27832 13288 10414 0 0 0
fn=lob::OrderBook::quantity_at_price(lob::Side, long) const
0 53013709 5 5 20969276 77743 7601 0 0 0
fn=lob::OrderBook::state_hash() const
0 25618072 17 17 1051719 440892 440877 180943 0 0
fn=lob::PriceLevel::erase(std::_List_iterator<lob::Order>)
0 47712 0 0 15904 2011 712 7952 0 0
fn=lob::PriceLevel::front()
0 64472 0 0 32236 0 0 0 0 0
fn=lob::PriceLevel::front() const
0 1064624 1 1 532312 5371 5360 0 0 0
fn=lob::PriceLevel::pop_front()
0 193416 1 1 80590 4 4 32236 0 0
fn=lob::PriceLevel::push_back(lob::Order const&)
0 6751053 2 2 2750429 2 0 2000312 46649 45494
fn=operator delete(void*)
0 3017850 0 0 0 0 0 0 0 0
fn=operator delete(void*, unsigned long)
0 3017850 1 1 0 0 0 0 0 0
fn=operator new(unsigned long)
0 18107100 2 2 3017850 0 0 3017850 8 0
fn=std::_Hashtable<unsigned long, std::pair<unsigned long const, lob::OrderLocation>, std::allocator<std::pair<unsigned long const, lob::OrderLocation> >, std::__detail::_Select1st, std::equal_to<unsigned long>, std::hash<unsigned long>, std::__detail::_Mod_range_hashing, std::__detail::_Default_ranged_hash, std::__detail::_Prime_rehash_policy, std::__detail::_Hashtable_traits<false, false, true> >::_M_erase(unsigned long, std::__detail::_Hash_node_base*, std::__detail::_Hash_node<std::pair<unsigned long const, lob::OrderLocation>, false>*)
0 743478 3 3 221034 3504 2852 120564 566 345
fn=std::_Hashtable<unsigned long, std::pair<unsigned long const, lob::OrderLocation>, std::allocator<std::pair<unsigned long const, lob::OrderLocation> >, std::__detail::_Select1st, std::equal_to<unsigned long>, std::hash<unsigned long>, std::__detail::_Mod_range_hashing, std::__detail::_Default_ranged_hash, std::__detail::_Prime_rehash_policy, std::__detail::_Hashtable_traits<false, false, true> >::_M_rehash(unsigned long, unsigned long const&)
0 6816829 4 4 1704170 382420 198544 1363375 8 0
fn=std::_Rb_tree_decrement(std::_Rb_tree_node_base*)
0 1440390 1 1 672182 0 0 0 0 0
fn=std::_Rb_tree_increment(std::_Rb_tree_node_base const*)
0 2759184 2 2 949894 232273 231066 0 0 0
fn=std::_Rb_tree_insert_and_rebalance(bool, std::_Rb_tree_node_base*, std::_Rb_tree_node_base*, std::_Rb_tree_node_base&)
0 18811108 14 14 5001850 9968 47 4309986 2187 2
fn=std::_Rb_tree_rebalance_for_erase(std::_Rb_tree_node_base*, std::_Rb_tree_node_base&)
0 1225055 11 11 394933 23905 18726 136992 1054 0
fn=std::__cxx11::messages<char>::messages(unsigned long)
0 20 2 2 4 0 0 8 1 1
fn=std::__cxx11::messages<wchar_t>::messages(unsigned long)
0 20 1 1 4 0 0 8 0 0
fn=std::__cxx11::moneypunct<char, false>::_M_initialize_moneypunct(__locale_struct*, char const*)
0 113 4 4 38 1 1 31 0 0
fn=std::__cxx11::moneypunct<char, true>::_M_initialize_moneypunct(__locale_struct*, char const*)
0 113 5 5 38 0 0 31 0 0
fn=std::__cxx11::moneypunct<wchar_t, false>::_M_initialize_moneypunct(__locale_struct*, char const*)
0 109 6 6 30 0 0 31 0 0
fn=std::__cxx11::moneypunct<wchar_t, true>::_M_initialize_moneypunct(__locale_struct*, char const*)
0 109 6 6 30 0 0 31 0 0
fn=std::__cxx11::numpunct<char>::_M_initialize_numpunct(__locale_struct*)
0 414 7 7 137 4 2 75 0 0
fn=std::__cxx11::numpunct<wchar_t>::_M_initialize_numpunct(__locale_struct*)
0 350 5 5 74 1 1 74 3 3
fn=std::__detail::_List_node_base::_M_hook(std::__detail::_List_node_base*)
0 2250351 1 1 500078 2171 872 750117 7964 3708
fn=std::__detail::_List_node_base::_M_unhook()
0 120564 1 1 60282 101 0 40188 6909 5712
fn=std::__detail::_Prime_rehash_policy::_M_need_rehash(unsigned long, unsigned long, unsigned long) const
0 2251025 7 7 500154 21 6 15 0 0
fn=std::__detail::_Prime_rehash_policy::_M_next_bkt(unsigned long) const
0 1771 9 9 247 68 30 15 0 0
fn=std::__timepunct<char>::_M_initialize_timepunct(__locale_struct*)
0 149 14 14 6 0 0 29 0 0
fn=std::__timepunct<char>::__timepunct(std::__timepunct_cache<char>*, unsigned long)
0 23 2 2 4 0 0 9 1 1
fn=std::__timepunct<wchar_t>::_M_initialize_timepunct(__locale_struct*)
0 149 14 14 6 0 0 29 0 0
fn=std::__timepunct<wchar_t>::__timepunct(std::__timepunct_cache<wchar_t>*, unsigned long)
0 23 2 2 4 0 0 9 0 0
fn=std::basic_ios<char, std::char_traits<char> >::_M_cache_locale(std::locale const&)
0 124 2 2 12 0 0 44 0 0
fn=std::basic_ios<char, std::char_traits<char> >::init(std::basic_streambuf<char, std::char_traits<char> >*)
0 92 2 2 12 0 0 36 0 0
fn=std::basic_ios<wchar_t, std::char_traits<wchar_t> >::_M_cache_locale(std::locale const&)
0 124 2 2 12 0 0 44 0 0
fn=std::basic_ios<wchar_t, std::char_traits<wchar_t> >::init(std::basic_streambuf<wchar_t, std::char_traits<wchar_t> >*)
0 92 2 2 12 0 0 40 0 0
fn=std::basic_ostream<char, std::char_traits<char> >& std::__ostream_insert<char, std::char_traits<char> >(std::basic_ostream<char, std::char_traits<char> >&, char const*, long)
0 168 5 5 72 6 4 36 0 0
fn=std::basic_ostream<wchar_t, std::char_traits<wchar_t> >::flush()
0 162 4 4 79 10 10 22 0 0
fn=std::basic_ostream<wchar_t, std::char_traits<wchar_t> >::sentry::sentry(std::basic_ostream<wchar_t, std::char_traits<wchar_t> >&)
0 99 3 3 34 1 1 21 0 0
fn=std::codecvt<char, char, __mbstate_t>::codecvt(unsigned long)
0 18 2 2 4 0 0 6 2 2
fn=std::codecvt<wchar_t, char, __mbstate_t>::codecvt(unsigned long)
0 18 2 2 4 0 0 6 1 1
fn=std::ctype<char> const& std::use_facet<std::ctype<char> >(std::locale const&)
0 44 2 2 24 0 0 8 0 0
fn=std::ctype<char>::_M_widen_init() const
0 732 11 11 36 6 6 38 4 4
fn=std::ctype<char>::ctype(unsigned short const*, bool, unsigned long)
0 116 4 4 8 1 0 79 9 9
fn=std::ctype<wchar_t> const& std::use_facet<std::ctype<wchar_t> >(std::locale const&)
0 44 2 2 24 0 0 8 0 0
fn=std::ctype<wchar_t>::_M_convert_to_wmask(unsigned short) const
0 146 7 7 12 0 0 0 0 0
fn=std::ctype<wchar_t>::_M_initialize_ctype()
0 2733 4 4 5 0 0 810 20 20
fn=std::ctype<wchar_t>::ctype(unsigned long)
0 20 2 2 3 0 0 7 1 1
fn=std::error_category::error_category()
0 10 1 1 4 1 0 2 0 0
fn=std::error_category::~error_category()
0 4 0 0 2 0 0 0 0 0
fn=std::future_category()
0 3 1 1 1 0 0 0 0 0
fn=std::ios_base::Init::Init()
0 273 28 28 51 5 1 146 15 3
fn=std::ios_base::Init::~Init()
0 25 3 3 10 9 9 7 0 0
fn=std::ios_base::_M_init()
0 208 3 3 56 1 1 64 0 0
fn=std::ios_base::ios_base()
0 464 3 3 8 0 0 192 30 20
fn=std::locale::_Impl::_Impl(unsigned long)
0 666 55 55 88 22 1 385 50 50
fn=std::locale::_Impl::_M_install_facet(std::locale::id const*, std::locale::facet const*)
0 12128 6 6 3552 0 0 256 0 0
fn=std::locale::facet::_S_create_c_locale(__locale_struct*&, char const*, __locale_struct*)
0 10 2 2 2 0 0 3 0 0
fn=std::locale::facet::_S_get_c_locale()
0 126 1 1 28 0 0 14 0 0
fn=std::locale::facet::_S_get_c_name()
0 21 1 1 7 0 0 0 0 0
fn=std::locale::id::_M_id() const
0 960 4 4 320 8 6 96 0 0
fn=std::locale::locale()
0 374 3 3 132 0 0 132 2 1
fn=std::locale::locale(std::locale::_Impl*)
0 3 1 1 1 0 0 1 0 0
fn=std::locale::operator=(std::locale const&)
0 160 3 3 56 0 0 24 0 0
fn=std::locale::~locale()
0 64 1 1 32 0 0 8 0 0
fn=std::messages<char>::messages(unsigned long)
0 20 2 2 4 1 0 8 1 1
fn=std::messages<wchar_t>::messages(unsigned long)
0 20 2 2 4 0 0 8 0 0
fn=std::moneypunct<char, false>::_M_initialize_moneypunct(__locale_struct*, char const*)
0 113 4 4 38 0 0 31 0 0
fn=std::moneypunct<char, true>::_M_initialize_moneypunct(__locale_struct*, char const*)
0 113 5 5 38 0 0 31 0 0
fn=std::moneypunct<wchar_t, false>::_M_initialize_moneypunct(__locale_struct*, char const*)
0 109 5 5 30 0 0 31 0 0
fn=std::moneypunct<wchar_t, true>::_M_initialize_moneypunct(__locale_struct*, char const*)
0 109 6 6 30 0 0 31 0 0
fn=std::num_get<char, std::istreambuf_iterator<char, std::char_traits<char> > > const& std::use_facet<std::num_get<char, std::istreambuf_iterator<char, std::char_traits<char> > > >(std::locale const&)
0 44 1 1 24 0 0 8 0 0
fn=std::num_get<wchar_t, std::istreambuf_iterator<wchar_t, std::char_traits<wchar_t> > > const& std::use_facet<std::num_get<wchar_t, std::istreambuf_iterator<wchar_t, std::char_traits<wchar_t> > > >(std::locale const&)
0 44 1 1 24 0 0 8 0 0
fn=std::num_put<char, std::ostreambuf_iterator<char, std::char_traits<char> > > const& std::use_facet<std::num_put<char, std::ostreambuf_iterator<char, std::char_traits<char> > > >(std::locale const&)
0 44 1 1 24 0 0 8 0 0
fn=std::num_put<char, std::ostreambuf_iterator<char, std::char_traits<char> > >::do_put(std::ostreambuf_iterator<char, std::char_traits<char> >, std::ios_base&, char, unsigned long) const
0 6 1 1 0 0 0 0 0 0
fn=std::num_put<wchar_t, std::ostreambuf_iterator<wchar_t, std::char_traits<wchar_t> > > const& std::use_facet<std::num_put<wchar_t, std::ostreambuf_iterator<wchar_t, std::char_traits<wchar_t> > > >(std::locale const&)
0 44 1 1 24 0 0 8 0 0
fn=std::numpunct<char>::_M_initialize_numpunct(__locale_struct*)
0 414 5 5 137 0 0 75 0 0
fn=std::numpunct<wchar_t>::_M_initialize_numpunct(__locale_struct*)
0 350 6 6 74 0 0 74 0 0
fn=std::ostream& std::ostream::_M_insert<unsigned long>(unsigned long)
0 132 6 6 52 9 9 21 1 1
fn=std::ostream::flush()
0 162 4 4 79 10 10 22 0 0
fn=std::ostream::sentry::sentry(std::ostream&)
0 214 3 3 74 8 7 46 0 0
fn=std::ostreambuf_iterator<char, std::char_traits<char> > std::num_put<char, std::ostreambuf_iterator<char, std::char_traits<char> > >::_M_insert_int<unsigned long>(std::ostreambuf_iterator<char, std::char_traits<char> >, std::ios_base&, char, unsigned long) const
0 178 7 7 38 4 2 36 2 2
fn=std::pair<std::_Rb_tree_iterator<std::pair<long const, lob::PriceLevel> >, bool> std::_Rb_tree<long, std::pair<long const, lob::PriceLevel>, std::_Select1st<std::pair<long const, lob::PriceLevel> >, std::greater<long>, std::allocator<std::pair<long const, lob::PriceLevel> > >::_M_emplace_unique<long&, lob::PriceLevel>(long&, lob::PriceLevel&&)
0 28214098 8 8 9817010 0 0 1328877 48823 48823
fn=std::pair<std::_Rb_tree_iterator<std::pair<long const, lob::PriceLevel> >, bool> std::_Rb_tree<long, std::pair<long const, lob::PriceLevel>, std::_Select1st<std::pair<long const, lob::PriceLevel> >, std::less<long>, std::allocator<std::pair<long const, lob::PriceLevel> > >::_M_emplace_unique<long&, lob::PriceLevel>(long&, lob::PriceLevel&&)
0 28214098 7 7 9817010 0 0 1328877 43174 43174
fn=std::uncaught_exception()
0 16 1 1 4 1 1 2 0 0
fn=void std::vector<lob::MarketDataEvent, std::allocator<lob::MarketDataEvent> >::_M_realloc_insert<lob::MarketDataEvent const&>(__gnu_cxx::__normal_iterator<lob::MarketDataEvent*, std::vector<lob::MarketDataEvent, std::allocator<lob::MarketDataEvent> > >, lob::MarketDataEvent const&)
0 20534492 7 7 4015601 0 0 4015601 345 6
fn=void std::vector<std::variant<lob::OrderAccepted, lob::OrderRejected, lob::OrderRested, lob::OrderPartiallyFilled, lob::OrderFilled, lob::OrderCancelled, lob::OrderReplaced, lob::TradeExecuted>, std::allocator<std::variant<lob::OrderAccepted, lob::OrderRejected, lob::OrderRested, lob::OrderPartiallyFilled, lob::OrderFilled, lob::OrderCancelled, lob::OrderReplaced, lob::TradeExecuted> > >::_M_realloc_insert<std::variant<lob::OrderAccepted, lob::OrderRejected, lob::OrderRested, lob::OrderPartiallyFilled, lob::OrderFilled, lob::OrderCancelled, lob::OrderReplaced, lob::TradeExecuted> >(__gnu_cxx::__normal_iterator<std::variant<lob::OrderAccepted, lob::OrderRejected, lob::OrderRested, lob::OrderPartiallyFilled, lob::OrderFilled, lob::OrderCancelled, lob::OrderReplaced, lob::TradeExecuted>*, std::vector<std::variant<lob::OrderAccepted, lob::OrderRejected, lob::OrderRested, lob::OrderPartiallyFilled, lob::OrderFilled, lob::OrderCancelled, lob::OrderReplaced, lob::TradeExecuted>, std::allocator<std::variant<lob::OrderAccepted, lob::OrderRejected, lob::OrderRested, lob::OrderPartiallyFilled, lob::OrderFilled, lob::OrderCancelled, lob::OrderReplaced, lob::TradeExecuted> > > >, std::variant<lob::OrderAccepted, lob::OrderRejected, lob::OrderRested, lob::OrderPartiallyFilled, lob::OrderFilled, lob::OrderCancelled, lob::OrderReplaced, lob::TradeExecuted>&&)
0 48442856 8 8 10493682 17 4 10493682 694 15
summary: 856233910 2626 2544 233307384 5686902 4548229 129643733 1872360 1776544
